PAPER ID,TITLE,DISCIPLINE,PAPER TYPE,STUDENT LEVEL,SEX,NATIVENESS,TEXTUAL FEATURES,sentence_variance,mattr,zipf_r2,flesch_reading_ease,word_count
BIO.G1.04.1,The Evolution of Terrestriality: A Look at the Factors that Drove Tetrapods to Move Onto Land,Biology,Argumentative Essay,First Year Graduate,Male,NS,"Tables, graphs or figures,  Literature review section,  Reference to sources",343.2038902598345,0.7190973084886128,0.9606328022949311,5.704141513100524,4929
BIO.G3.03.1,Intracellular Electric Field Sensing using Nano-sized Voltmeters,Biology,Argumentative Essay,Third Year Graduate,Female,NS, ,181.4568929612661,0.6693866171003717,0.9429847063844128,3.9357142857143117,1175
BIO.G1.01.1,V. Cholerae: First Steps towards a Spatially Explicit Model ,Biology,Proposal,First Year Graduate,Male,NNS (L1: Spanish),"Abstract,  Methodology section,  Reference to sources",606.7453512396695,0.7331707988980716,0.9545271259697302,-12.433305259452908,3729
BIO.G1.07.1,Zebrafish and PGC mis-migration,Biology,Proposal,First Year Graduate,Male,NNS (L1: Chinese), ,455.9655278547246,0.5750252525252525,0.9533992139373838,32.20268310636732,1287
BIO.G2.06.1,A Conserved Role of Cas-Spg System in Endoderm Specification during Early Vertebrate Development,Biology,Proposal,Second Year Graduate,Female,NNS (L1: Chinese),"Methodology section,  Problem-solution pattern,  Discussion of results section,  Reference to sources",273.9261678004535,0.7156630109670987,0.9480133824956761,7.681250989707081,2105
BIO.G3.02.1,Linking scales to understand diversity,Biology,Proposal,Third Year Graduate,Female,NS,"Definitions,  Literature review section,  Reference to sources",159.20733284920274,0.737236278169501,0.970370405181963,6.098886772246232,14565
BIO.G1.03.1,Dispersal: a Review and Synthesis,Biology,Report,First Year Graduate,Female,NS,"Discussion of results section,  Reference to sources",189.4289733379501,0.7200873069173942,0.9589631754465859,1.4893156194944197,3077
BIO.G1.06.1,Temp effects on nitrogen mineralization,Biology,Report,First Year Graduate,Female,NS,"Discussion of results section,  Reference to sources",228.107568359375,0.7168812785388128,0.9535164342770217,-0.729765164517687,4479
BIO.G2.02.1,Modularity and the Evolution of Complex Systems,Biology,Report,Second Year Graduate,Female,NS,Reference to sources,259.86977731864096,0.7044061166429587,0.9531952985630113,11.473091109480265,2911
BIO.G2.05.1,Application of Microarray Analysis in Drosophila,Biology,Report,Second Year Graduate,Male,NNS (L1: Chinese),"Literature review section,  Reference to sources",216.16222222222223,0.7431137724550898,0.9319852552962555,15.31320592433977,934
BIO.G2.05.2,Assignment: Subcellular Protein Localization,Biology,Report,Second Year Graduate,Male,NNS (L1: Chinese),"Definitions,  Methodology section,  Tables, graphs or figures,  Discussion of results section",3166.4620064899946,0.7349814716781367,0.9363284571180658,-9.190900519395427,1988
BIO.G2.07.1,Biofuels and Biodiversity,Biology,Report,Second Year Graduate,Male,NS,"Definitions,  Problem-solution pattern,  Reference to sources",210.85397034114985,0.7636185419644681,0.9577422385189363,2.935355475263407,4996
BIO.G1.02.1,Biological Significance of Modular Structures in Protein Networks,Biology,Research Paper,First Year Graduate,Male,NNS (L1: Chinese),"Tables, graphs or figures,  Methodology section,  Discussion of results section,  Literature review section,  Reference to sources",215.681107266436,0.693570650199782,0.9508034292486902,1.1876901520776642,2852
BIO.G1.05.1,Inferring Swimming Mode from Skeletal Proportions in Fossil Pinnipedimorphs,Biology,Research Paper,First Year Graduate,Male,NS,"Methodology section,  Discussion of results section,  Tables, graphs or figures,  Reference to sources",1163.115061728395,0.7341166883963494,0.9584354741569796,6.950119531319615,6235
BIO.G2.01.1,Relationships and Biogeography of Antillean Cichlids,Biology,Research Paper,Second Year Graduate,Male,NS,"Abstract,  Methodology section,  Discussion of results section,  Literature review section,  Reference to sources",204.65171167666512,0.7112849063273241,0.9648061106909674,-2.1100126562429864,5757
BIO.G2.04.1,Polyphyly of the Old World Vultures and Phylogenetic Placement of Gypohierax Angolensis (Aves: Accipitridae) Inferred from Mitochondrial DNA,Biology,Research Paper,Second Year Graduate,Female,NS,"Methodology section,  Discussion of results section,  Literature review section,  Reference to sources",324.37147955246917,0.7133983140147524,0.9368274210700348,0.3013372315417939,1997
BIO.G3.01.1,Do Programming-Oriented Environments Provide Favorable Growing Conditions for Hypotheses?,Biology,Research Paper,Third Year Graduate,Male,NS,"Methodology section,  Discussion of results section,  Tables, graphs or figures,  Reference to sources",863.1379338842974,0.7163823670340201,0.9403894925045945,-5.291902353821854,2186
BIO.G1.08.2,Drosophila neuroblasts,Biology,Response Paper,First Year Graduate,Female,NNS (L1: Chinese), ,96.19989669421489,0.6639680232558138,0.955376879621712,7.010709397019781,787
CEE.G3.04.3,Dish-Washing as a Multi-Actor Prisoner's Dilemma,Civil & Environmental Engineering,Argumentative Essay,Third Year Graduate,Male,NS,"Tables, graphs or figures",329.112869637651,0.705584872471416,0.9394657556270894,7.651560332871043,1236
CEE.G1.08.1,Electrification of road transportation using ground level power supply,Civil & Environmental Engineering,Critique/Evaluation,First Year Graduate,Male,NNS (L1: Malayalam),"Abstract,  Tables, graphs or figures,  Problem-solution pattern,  Methodology section,  Definitions,  Discussion of results section",305.98693877551017,0.6955740987983977,0.963462630031721,23.23747334410342,3095
CEE.G1.01.1,Oral Bioavailability Evaluation of Soil-Borne Chemicals Using In Vitro Bioavailability Tests,Civil & Environmental Engineering,Report,First Year Graduate,Male,NS,"Abstract,  Tables, graphs or figures,  Literature review section,  Reference to sources",280.1231374479786,0.7088470588235294,0.9566669574966643,-4.9185565039798576,4774
CEE.G1.02.2,Self-Centering Seismic Resistant Systems,Civil & Environmental Engineering,Report,First Year Graduate,Male,NNS (L1: Spanish),"Tables, graphs or figures,  Reference to sources",364.9372398543184,0.6969106699751861,0.9510136576975893,16.29268536852632,2517
CEE.G1.02.3,Seismic Retrofit for Reinforced Concrete Structures: Analysis / Design Techniques,Civil & Environmental Engineering,Report,First Year Graduate,Male,NNS (L1: Spanish),"Abstract,  Discussion of results section,  Reference to sources",367.79514542936295,0.7062643923240938,0.9652743767047259,2.404437187375521,7134
CEE.G1.03.1,Dundee Wastewater Treatment Plant: a Brief Examination,Civil & Environmental Engineering,Report,First Year Graduate,Female,NS,"Discussion of results section,  Tables, graphs or figures,  Reference to sources",503.6513752112348,0.6947429218573047,0.9642652184032784,7.609364961257114,4514
CEE.G1.04.1,Use of Reinforced Concrete Shear Walls in Steel Framed Buildings,Civil & Environmental Engineering,Report,First Year Graduate,Male,NS,"Methodology section,  Tables, graphs or figures,  Reference to sources",384.77377409297054,0.7021301551267499,0.9653238988888266,11.14040302924792,5385
CEE.G1.05.1,Analysis and Design of Composite Steel-Concrete Columns,Civil & Environmental Engineering,Report,First Year Graduate,Male,NS,"Definitions,  Abstract,  Tables, graphs or figures,  Reference to sources",312.094911345969,0.6590773319832932,0.969679972969139,14.779979906542081,8000
CEE.G1.06.1,Worker Ergonomic Analysis,Civil & Environmental Engineering,Report,First Year Graduate,Male,NS,"Tables, graphs or figures",163.44294213088153,0.6641882140709562,0.9572509728358719,27.353210872517423,3425
CEE.G1.07.1,Reinforced Concrete Design Term Project,Civil & Environmental Engineering,Report,First Year Graduate,Male,NS,"Abstract,  Literature review section,  Tables, graphs or figures,  Problem-solution pattern,  Reference to sources",256.1172125392998,0.705379260681709,0.9620091387537788,1.1023955749289485,4265
CEE.G1.07.2,The State of Finite Element Modeling of Fiber Reinforced Cement Composites,Civil & Environmental Engineering,Report,First Year Graduate,Male,NS,"Abstract,  Reference to sources",215.31898745892914,0.7259604412324079,0.9602452622124157,-2.723331238653799,2728
CEE.G1.09.1,Durability of Reinforced Concrete ,Civil & Environmental Engineering,Report,First Year Graduate,Male,NS, ,119.62508189958503,0.6728879551820729,0.9645792560949199,10.989100572363043,3669
CEE.G1.10.1,Seismic Design For Tunnels and Underground Infrastructure,Civil & Environmental Engineering,Report,First Year Graduate,Male,NS,"Abstract,  Tables, graphs or figures,  Reference to sources",173.0329590590878,0.6820125786163521,0.9687078941976389,6.457198111896815,7095
CEE.G1.10.2,Soil Improvement: Designing with Tensar Geogrids,Civil & Environmental Engineering,Report,First Year Graduate,Male,NS,"Abstract,  Methodology section,  Discussion of results section,  Tables, graphs or figures,  Reference to sources",345.2908462766729,0.6585324980422865,0.9645849432545318,4.775647659112735,6484
CEE.G2.01.1,Sustainability of the Internal Combustion Engine,Civil & Environmental Engineering,Report,Second Year Graduate,Male,NS,"Abstract,  Tables, graphs or figures,  Reference to sources",186.858526461432,0.7357971972501322,0.964591868890115,6.205491919127155,7663
CEE.G3.04.1,Managing CAFOs: Regulatory and Grassroots Control,Civil & Environmental Engineering,Report,Third Year Graduate,Male,NS,Reference to sources,266.2277318640955,0.25,0.6376837430758203,-8.726170323928926,464
CEE.G3.04.2,International Law and Environmental Policy,Civil & Environmental Engineering,Report,Third Year Graduate,Male,NS,"Definitions,  Literature review section,  Reference to sources",357.13306652244455,0.7434274586173321,0.9494130344656276,2.551274940437054,4207
CEE.G1.02.1,Necking and Localization in Plane Stress / Strain,Civil & Environmental Engineering,Research Paper,First Year Graduate,Male,NNS (L1: Spanish),"Methodology section,  Discussion of results section,  Tables, graphs or figures,  Reference to sources",169.81445231153688,0.6735630443014009,0.9528709009936678,15.201845672575615,2740
CEE.G3.01.1,A Study on an Interaction of Copper-Binding Compounds Between Methanotrophs,Civil & Environmental Engineering,Research Paper,Third Year Graduate,Male,NNS (L1: Korean),"Methodology section,  Discussion of results section,  Reference to sources",331.7261683098807,0.6634162665502692,0.9583273048823565,16.93368259145504,6972
CEE.G3.02.1,Project: Computation of Deformation,Civil & Environmental Engineering,Research Paper,Third Year Graduate,Male,NNS (L1: Mandarin),"Tables, graphs or figures",926.0551748582229,0.6357386363636363,0.9432313163330988,6.658462737095732,1859
CEE.G3.03.1,Contaminant Transport in Constructed Wetlands for Urban Stormwater Management,Civil & Environmental Engineering,Research Paper,Third Year Graduate,Female,NS,"Definitions,  Abstract,  Tables, graphs or figures,  Reference to sources",561.1281491767506,0.7042421540656205,0.9593466989296116,4.045232100064936,5707
ECO.G2.07.3,Decentralization and water pollution,Economics,Critique/Evaluation,Second Year Graduate,Female,NS, ,178.8572839506173,0.6979271991911021,0.9423046268171005,0.34234967320264786,1088
ECO.G2.06.1,Optimal wage contracting with tax avoidance,Economics,Proposal,Second Year Graduate,Male,NNS (L1: Russian), ,423.75446187128176,0.6361636263128801,0.9627417617788807,28.81710618692412,1908
ECO.G2.07.1,Shotgun marriages in the US,Economics,Proposal,Second Year Graduate,Female,NS, ,244.73051754907794,0.6785204081632653,0.9463285164092324,10.697449658868095,883
ECO.G1.02.2,Malaysia and 1997 Asian Financial Crisis,Economics,Report,First Year Graduate,Female,NS,Reference to sources,292.29387269482453,0.7279767103347888,0.9215329827100603,4.7225088437907345,786
ECO.G2.02.1,Evasion Technologies and Optimal Audits,Economics,Report,Second Year Graduate,Male,NS,"Definitions,  Tables, graphs or figures,  Methodology section,  Literature review section,  Reference to sources",349.0117246135747,0.6562962962962963,0.9557017679793663,13.630636942675181,2259
ECO.G2.03.1,Debt and Labor Supply,Economics,Report,Second Year Graduate,Male,NS,Reference to sources,231.57812080085998,0.7030570790168595,0.9672176535939346,12.684446647864178,5022
ECO.G1.01.1,Pooled Signals: The Effect of Competitive Admissions Processes on College Choice,Economics,Research Paper,First Year Graduate,Male,NS,"Abstract,  Methodology section,  Discussion of results section,  Tables, graphs or figures,  Reference to sources",329.418058022782,0.6997245917621252,0.9674102107718016,18.649648849853207,8305
ECO.G1.02.1,Correlation between Straits Times Industrial Index (STI) with Other Key Financial Stock Indexes ,Economics,Research Paper,First Year Graduate,Female,NS,"Abstract,  Methodology section,  Tables, graphs or figures,  Discussion of results section,  Reference to sources",472.90457600000013,0.6778146611341633,0.9454813242647547,6.312490793650824,2268
ECO.G1.03.1,What Drives the Relationship between Education and Fertility?,Economics,Research Paper,First Year Graduate,Female,NNS (L1: Chinese),"Abstract,  Tables, graphs or figures,  Discussion of results section,  Methodology section,  Problem-solution pattern,  Literature review section,  Reference to sources",939.9440385207583,0.6545071868583162,0.9614209192519395,-5.6177679095265205,7891
ECO.G2.01.1,Capital Flows and the Role of Institutions,Economics,Research Paper,Second Year Graduate,Female,"NNS (L1: German, Mandarin)","Literature review section,  Discussion of results section,  Tables, graphs or figures,  Reference to sources",274.0366650150894,0.6927771156138259,0.9570931710899263,11.050606489748162,2616
ECO.G2.04.1,Asymmetric Stock Price Response to Firms' Earnings Announcements,Economics,Research Paper,Second Year Graduate,Male,NNS (L1: Korean),"Abstract,  Tables, graphs or figures,  Methodology section,  Definitions,  Discussion of results section,  Literature review section,  Reference to sources",654.407189258823,0.6478196578718469,0.9561408591361953,2.877533663658653,6997
ECO.G2.08.1,Referee Report for a Job Market Paper in International Finance,Economics,Research Paper,Second Year Graduate,Male,NNS (L1: Turkish), ,238.71401818028784,0.6857101727447217,0.959780726798828,10.064089243469226,5309
ECO.G3.01.1,A Model of the Discrepancy between Corporate Income Tax Report and Output Announcements,Economics,Research Paper,Third Year Graduate,Female,NNS (L1: Korean),"Abstract,  Tables, graphs or figures,  Discussion of results section,  Methodology section,  Problem-solution pattern,  Reference to sources",1254.1908284023668,0.6395681063122923,0.9535990915359788,17.179087192272846,2206
ECO.G2.07.2,Myth and Reality of Flat Tax Reform in Russia,Economics,Response Paper,Second Year Graduate,Female,NS, ,111.30193905817175,0.6833426183844011,0.9500990523624827,9.910174418604669,817
EDU.G2.02.1,Student Informed Reform,Education,Argumentative Essay,Second Year Graduate,Female,NS,Reference to sources,356.9275,0.7555685733976567,0.9361568988512013,17.751052419354863,1550
EDU.G2.03.1,Diversifying Communities of Practice in Higher Education,Education,Argumentative Essay,Second Year Graduate,Female,NS,Reference to sources,322.7835149882871,0.7225272979948382,0.9564879144312525,-7.585756064265439,5136
EDU.G3.03.3,American Education: A Force for Democracy and Integration?,Education,Argumentative Essay,Third Year Graduate,Female,NS,Reference to sources,674.0139087618888,0.7428881145954316,0.9384648079821039,9.74699423665021,5265
EDU.G1.09.1,A Critique of the Spellings Report,Education,Critique/Evaluation,First Year Graduate,Female,NS,"Problem-solution pattern,  Reference to sources",149.15895680374757,0.7418223408311094,0.952360322494584,-3.3473068805507182,2722
EDU.G2.04.1,Beyond Cognitive Skills to Enactment in Sociocultural Contexts,Education,Critique/Evaluation,Second Year Graduate,Female,NS,Reference to sources,301.23511137550395,0.6897198007471979,0.9411399272385116,9.523173115895418,1705
EDU.G1.11.1,Rethinking Academic Writing About Sexualized Violence,Education,Proposal,First Year Graduate,Female,NS,"Discussion of results section,  Methodology section,  Problem-solution pattern,  Literature review section,  Reference to sources",277.92898830436394,0.678116910823496,0.9694345973049464,5.264404230499508,7130
EDU.G3.01.1,Schools and the development of national identity in young children: A justification for comparison,Education,Proposal,Third Year Graduate,Female,NS,"Definitions,  Tables, graphs or figures,  Reference to sources",467.24636587696796,0.7227394251885801,0.9725780644468119,-3.253053106962568,10572
EDU.G1.04.1,Engaging Commuters in the Teaching and Learning Environment,Education,Report,First Year Graduate,Female,NS,"Literature review section,  Reference to sources",248.6677517063677,0.7309188179347825,0.9631582896928602,-1.8992570049242659,5987
EDU.G1.06.1,Lesson Adaptation Paper for Special Needs Student,Education,Report,First Year Graduate,Female,NS, ,649.6547115170417,0.6819765360906741,0.9699150783022107,0.9339083832010147,5128
EDU.G1.08.1,Higher education benefits,Education,Report,First Year Graduate,Female,NS,Reference to sources,180.75193786621094,0.6815369211514393,0.962429141852549,0.015289238061853894,4094
EDU.G1.12.1,Professional Development for Child Care Providers,Education,Report,First Year Graduate,Female,NS,"Methodology section,  Discussion of results section,  Literature review section,  Reference to sources",156.2442009643039,0.6860471253534401,0.9697157003837371,10.14647946868405,10709
EDU.G2.01.1,The Economics of Philippine Education,Education,Report,Second Year Graduate,Male,"NNS (L1: Chinese, Tagalog)","Tables, graphs or figures,  Reference to sources",228.15050751699707,0.7131121445179752,0.9617594909374841,7.344353559123476,5690
EDU.G3.03.1,The History of American Education: Two Viewpoints,Education,Report,Third Year Graduate,Female,NS,Reference to sources,930.8078512396693,0.7004562737642586,0.9396424653068187,4.100898921886113,1151
EDU.G3.03.2,The Intentions of the Progressive Reformers: Good or Bad?,Education,Report,Third Year Graduate,Female,NS,Reference to sources,627.844152249135,0.7294182459233142,0.9415050787314274,7.571976550079512,2368
EDU.G3.03.4,The Unintended Consequences of Reform,Education,Report,Third Year Graduate,Female,NS, ,690.5892287483581,0.7468078175895765,0.9365134553268659,6.55005991827403,1941
EDU.G3.03.5,Immigration and Americanization: Then and Now,Education,Report,Third Year Graduate,Female,NS, ,776.7574009996157,0.7445962264150943,0.9408719606902668,-1.636852831020036,1424
EDU.G3.03.6,Curriculum Changes in the Progressive Era and Great Depression,Education,Report,Third Year Graduate,Female,NS,Reference to sources,519.3851239669422,0.7341917293233082,0.9109949508752397,5.988356757601821,1163
EDU.G3.03.7,A Turbulent Decade in the Lives of Three American Families,Education,Report,Third Year Graduate,Female,NS,Reference to sources,473.65397923875435,0.7486588541666667,0.9425502448080709,28.20108472746898,1635
EDU.G3.04.1,Growing Trend of Part-time Faculty at Community Colleges,Education,Report,Third Year Graduate,Female,NS,"Definitions,  Tables, graphs or figures,  Literature review section,  Reference to sources",290.3822222222222,0.7113509700176367,0.969700258383854,3.77422510460255,8604
EDU.G1.03.1,Access to graduate education among women of color,Education,Research Paper,First Year Graduate,Female,NS,"Tables, graphs or figures,  Discussion of results section,  Definitions,  Problem-solution pattern,  Literature review section,  Reference to sources",381.94185112133835,0.7141881733901277,0.9630986799132857,-6.974737665044529,8081
EDU.G1.05.1,International Student Adjustment ,Education,Research Paper,First Year Graduate,Female,NNS (L1: Korean),"Methodology section,  Discussion of results section,  Literature review section,  Reference to sources",325.828323244759,0.7118074074074073,0.9674009862105523,-16.082298603651964,6174
ENG.G1.02.1,Seeing Selves in Troilus and Cressida,English,Argumentative Essay,First Year Graduate,Male,NS,Reference to sources,533.0212945038296,0.7021101109482938,0.9637478601272881,14.012957718388549,4876
ENG.G1.03.1,Theorizing the Analysand Desire,English,Argumentative Essay,First Year Graduate,Female,NS,Reference to sources,384.0974000876085,0.6288567277603934,0.9685145894019453,18.387048233449804,9047
ENG.G1.04.1,Sports Literacy and Rhetoric as Power,English,Argumentative Essay,First Year Graduate,Female,NS,"Definitions,  Reference to sources",651.4032174272908,0.6897867363786462,0.9661221383965765,5.811781156565189,7367
ENG.G1.05.1,Yeats and Spenser,English,Argumentative Essay,First Year Graduate,Female,NS,Reference to sources,646.1184933324162,0.7114654824384335,0.9477638229948804,20.765231800072456,7530
ENG.G1.06.1,Intergenerational Trauma in Nora Okja Keller's Comfort Woman,English,Argumentative Essay,First Year Graduate,Male,NNS (L1: Tamil),Reference to sources,387.0566501949501,0.7162236166571592,0.9291997455510832,19.465418168709476,5358
ENG.G2.01.1,Messianic Masochism in H. Rider Haggard,English,Argumentative Essay,Second Year Graduate,Male,NS, ,991.6956359758997,0.7247524287057349,0.9454150399865306,7.269327076278671,6481
ENG.G2.02.1,Dramatic Adaptations: Jewish Identity and Narrative Form in The Island Within,English,Argumentative Essay,Second Year Graduate,Male,NS, ,391.73964637474785,0.6714457494407159,0.9406431373854385,10.72203311513286,3675
ENG.G2.02.2,'City Troubles': Miss Lonelyhearts and the Publicized Privacy of Urban Space,English,Argumentative Essay,Second Year Graduate,Male,NS,Reference to sources,545.7249315919191,0.6732217651458489,0.9405933901460194,10.235300262279168,5447
ENG.G2.03.1,Domesticity in Cold War Black Fiction on the Left,English,Argumentative Essay,Second Year Graduate,Female,NS,Reference to sources,487.44462786304985,0.7295918003565063,0.954207178477937,14.494852714770417,11319
ENG.G2.04.1,Augusta Webster Paper,English,Argumentative Essay,Second Year Graduate,Female,NS,Reference to sources,367.39478260869566,0.7355575539568345,0.9324531721595165,17.043868976244767,2879
ENG.G3.04.1,Creative Multivalence: Social Engagement in Gwendolyn Brooks's 'Maud Martha',English,Argumentative Essay,Third Year Graduate,Female,NS,Reference to sources,624.3566509989496,0.730874217978268,0.9439498211031115,20.11761778069993,6173
ENG.G2.05.1,St. Alban and English Exemplarity,English,Critique/Evaluation,Second Year Graduate,Male,NS,Reference to sources,350.69425443307523,0.6923672901921133,0.9572886653004621,14.890592978514235,8011
ENG.G3.03.1,Into the Light: Avedon's Images of Inmates,English,Critique/Evaluation,Third Year Graduate,Female,NS,Reference to sources,418.0353433465222,0.7182187583266721,0.9558845813557373,18.332831255283196,7605
ENG.G1.01.1,Clarissa Consumed,English,Report,First Year Graduate,Female,NS,Reference to sources,466.46199500208246,0.7290272792534099,0.9341439975180326,18.250481669479655,5671
ENG.G1.07.1,Categorical Entanglement ,English,Report,First Year Graduate,Female,NS,Reference to sources,274.0314819462871,0.7091653620352251,0.9670779893049567,0.1191436392647347,10319
ENG.G2.06.1,Jews in the New York Harbor,English,Report,Second Year Graduate,Male,NS,"Literature review section,  Reference to sources",466.62515296311403,0.7287366548042703,0.9510052459572932,10.63521814547937,6281
ENG.G2.07.1,Pedagogical genres,English,Report,Second Year Graduate,Female,NS,Reference to sources,423.43248439871815,0.6950044273907909,0.9638469164829155,6.3062472727272905,6875
CLS.G1.01.1,Plato and Hellenistic Poetics:  A Study of Narratological Framing,History & Classical Studies,Argumentative Essay,First Year Graduate,Male,NS,Reference to sources,509.6436690133659,0.7321265141318978,0.952024033498865,13.69007825539677,9758
CLS.G1.04.1,The Bellum Hispaniense as a Face of Battle Narrative,History & Classical Studies,Argumentative Essay,First Year Graduate,Male,NS,Reference to sources,749.1954352353187,0.7434013779025261,0.9474274364717473,12.6090099552016,4018
CLS.G2.01.1,The Nightmare of Arcady,History & Classical Studies,Argumentative Essay,Second Year Graduate,Male,NS,Reference to sources,460.4889316501269,0.7477271077779122,0.9357399566355658,12.293060467591033,8366
CLS.G2.02.1,Platonic Thought in Book I of Livy's Ab Urbe Condita,History & Classical Studies,Argumentative Essay,Second Year Graduate,Male,NS,Reference to sources,1000.4733382828194,0.7562417713943747,0.9312690335886542,17.824043043306602,5112
CLS.G3.01.1,"""Corpse Demons"" in Ancient Greek Magic",History & Classical Studies,Argumentative Essay,Third Year Graduate,Female,NS,"Tables, graphs or figures,  Reference to sources",896.9718824360499,0.7099016683239421,0.9564326108683305,21.866901939224334,9150
HIS.G1.01.1,New Social History,History & Classical Studies,Argumentative Essay,First Year Graduate,Female,NS, ,514.7087620027435,0.7324715370018975,0.8911174551118051,-3.077986184530687,2207
HIS.G1.03.1,Sex Education in East and West Germany,History & Classical Studies,Argumentative Essay,First Year Graduate,Male,NS,Reference to sources,923.8936395494837,0.7260489962572304,0.971095006138828,4.703049895330253,14794
HIS.G1.04.1,Outsourcing History: On the Necessity of Stepping Out of the Archive,History & Classical Studies,Argumentative Essay,First Year Graduate,Female,NNS (L1: Hebrew),Reference to sources,859.4981172839506,0.7234444214448355,0.9397760730090718,8.925784877169264,4930
HIS.G2.04.1,Chechen War Imaginary,History & Classical Studies,Argumentative Essay,Second Year Graduate,Male,NS,"Definitions,  Reference to sources",582.3578748050791,0.7192451328074112,0.9654705255597044,-1.6539477912249367,13916
HIS.G2.05.1,Medieval pilgrimage guides,History & Classical Studies,Argumentative Essay,Second Year Graduate,Female,NS,Reference to sources,930.4533463847837,0.7345259803487652,0.9619831810950491,11.52369322106614,11396
HIS.G1.05.2,Microhistory Review,History & Classical Studies,Critique/Evaluation,First Year Graduate,Female,NS,Reference to sources,511.9196493791088,0.7386312748284579,0.9074702362665367,0.1413937577744946,2868
HIS.G1.10.1,Orientalism and History,History & Classical Studies,Critique/Evaluation,First Year Graduate,Male,NNS (L1: Korean),Reference to sources,297.1497144283886,0.7043263390392048,0.9540399208164033,15.512362793686464,3721
CLS.G1.03.1,"The Role of Roman manus Marriage in the Institution of Classical ""Free"" Marriage",History & Classical Studies,Report,First Year Graduate,Female,NS,Reference to sources,303.09657814770776,0.6641153169014083,0.95622238817728,9.152666947841993,2371
HIS.G1.02.1,Joan Scott's 'Gender' in 2007,History & Classical Studies,Report,First Year Graduate,Female,NS, ,459.0373622589532,0.7161700182815357,0.9477790529778622,6.3574785230297834,3381
HIS.G1.05.1,Trickster Travels Review,History & Classical Studies,Report,First Year Graduate,Female,NS,Reference to sources,661.4766600920448,0.7419511400651466,0.9337852089635751,4.563759065519918,3169
HIS.G1.06.1,Review of Jon T. Coleman's Vicious,History & Classical Studies,Report,First Year Graduate,Female,NS, ,444.04040459417223,0.707681121786549,0.943140055782862,11.268314202399125,3950
HIS.G1.07.1,Marxist Historical Analysis,History & Classical Studies,Report,First Year Graduate,Male,NS,Reference to sources,302.1600346020761,0.7220969023034154,0.9270049364561664,6.400493589188272,1358
HIS.G1.07.2,Capitalism as a Historical Agent,History & Classical Studies,Report,First Year Graduate,Male,NS, ,431.659410492158,0.7158311345646438,0.9413871530124245,2.518514846866168,1994
HIS.G1.08.1,Diaspora and Nation,History & Classical Studies,Report,First Year Graduate,Male,NS,"Literature review section,  Reference to sources",471.55070153061223,0.7297435456110155,0.9585012438164286,0.809628765442568,5909
HIS.G1.09.1,A Battle to Remember? Arrian's Ectaxis contra Alanos,History & Classical Studies,Report,First Year Graduate,Male,NS,"Literature review section,  Reference to sources",850.9529818304873,0.7235796305541687,0.9525352528734821,21.348719477968018,6108
HIS.G2.02.1,Whiteness Studies in Labor History,History & Classical Studies,Report,Second Year Graduate,Male,NS,Reference to sources,626.6066335618824,0.7283701500991221,0.9581638218670595,4.995144255357985,7161
HIS.G2.03.2,Black Women and Performance book review,History & Classical Studies,Report,Second Year Graduate,Female,NS,Reference to sources,441.7674012362268,0.7509527782412815,0.9541116218620977,8.904834827723562,6092
HIS.G3.01.1,A Gendered Reading of B.R. Ambedkar's Writings and Speeches,History & Classical Studies,Report,Third Year Graduate,Female,NS,Reference to sources,426.1354467773437,0.6963510800610294,0.9715638937130671,5.063924354684559,12552
HIS.G3.02.1,Technology in the Indian Ocean,History & Classical Studies,Report,Third Year Graduate,Female,NS,"Tables, graphs or figures,  Reference to sources",613.2953554734686,0.7144576026721323,0.9637059261873493,2.2817121520500905,13272
HIS.G2.03.1,Black feminism response paper,History & Classical Studies,Response Paper,Second Year Graduate,Female,NS, ,323.5570934256055,0.7132451923076922,0.9333222405714481,10.750612086940066,931
IOE.G2.02.2,Convergence of Simulation-Based Policy Iteration,Industrial & Operations Engineering,Argumentative Essay,Second Year Graduate,Male,NS, ,240.35641735918742,0.680264483627204,0.9463694682402753,18.985964912280707,893
IOE.G1.02.3,Hand Grip Force and Coefficient of Friction with Different Materials and Conditions,Industrial & Operations Engineering,Critique/Evaluation,First Year Graduate,Female,NNS (L1: Korean),"Abstract,  Tables, graphs or figures,  Discussion of results section,  Methodology section,  Problem-solution pattern,  Literature review section,  Reference to sources",483.02356265574934,0.6915456769983687,0.9658928007335824,11.58513564031395,5003
IOE.G2.01.3,Managing Change,Industrial & Operations Engineering,Critique/Evaluation,Second Year Graduate,Male,NS,Reference to sources,100.15405804891158,0.7475074775672981,0.9435825663002549,3.9255105914878925,2105
IOE.G2.04.2,Memo - Project Debriefing,Industrial & Operations Engineering,Critique/Evaluation,Second Year Graduate,Female,NS,Discussion of results section,117.50396106835673,0.6523983500294637,0.9579121122078915,18.147811922475512,1796
IOE.G1.03.1,Changing the Game: Representing Innovation Through Football,Industrial & Operations Engineering,Report,First Year Graduate,Male,NS,Reference to sources,125.51165895336419,0.715751096491228,0.951532833214476,17.417623774762347,1923
IOE.G1.04.1,A Failed Design or Designed To Fail?,Industrial & Operations Engineering,Report,First Year Graduate,Female,NNS (L1: Marathi),"Tables, graphs or figures,  Reference to sources",156.76055922930982,0.706131072874494,0.9609139985201465,13.015268575518121,8003
IOE.G1.05.1,Complexity Theory: Simplifying Life for Organizational Theorists,Industrial & Operations Engineering,Report,First Year Graduate,Male,NNS (L1: Teluga),"Definitions,  Tables, graphs or figures,  Reference to sources",223.74297293277812,0.7165744944283945,0.9557226576952231,0.7001878922698097,7368
IOE.G1.05.2,To Best or Not to Best,Industrial & Operations Engineering,Report,First Year Graduate,Male,NNS (L1: Teluga),Reference to sources,319.2499426078972,0.711943997425169,0.9387457087843077,11.82173004215582,3206
IOE.G1.06.1,Organizations as Brains: An Information Processing View - An Analysis of the Challenger Disaster,Industrial & Operations Engineering,Report,First Year Graduate,Female,NNS (L1: Chinese),Reference to sources,166.39801313892008,0.7069463087248321,0.9359385649670772,3.110493583258318,1589
IOE.G1.09.1,Imagen Healthcare Inventory Sharing Plan,Industrial & Operations Engineering,Report,First Year Graduate,Male,NNS (L1: Hindi),"Methodology section,  Discussion of results section,  Tables, graphs or figures",341.7208865220456,0.6973109640831758,0.9439598795290358,16.51699135020678,2215
IOE.G1.10.2,Core and Non Core Processes,Industrial & Operations Engineering,Report,First Year Graduate,Male,NNS (L1: Marathi),"Definitions,  Tables, graphs or figures",209.98088842975204,0.6839943938332165,0.9418451070136106,9.61143467770765,1526
IOE.G1.11.1,Revenue Sharing in the National Bossaball League in Tinland,Industrial & Operations Engineering,Report,First Year Graduate,Male,NNS (L1: Tamil),"Problem-solution pattern,  Discussion of results section,  Tables, graphs or figures",708.5847750865051,0.6769384835479256,0.9307370305455437,7.981525873507337,798
IOE.G1.11.2,Factory flow benchmarking report,Industrial & Operations Engineering,Report,First Year Graduate,Male,NNS (L1: Tamil), ,170.61067708333334,0.6489987937273823,0.9510859879910033,-2.2266954022988443,928
IOE.G2.01.2,Organizations as Cultures ,Industrial & Operations Engineering,Report,Second Year Graduate,Male,NS,"Tables, graphs or figures,  Reference to sources",93.22928145087236,0.739810547875064,0.9329630574638731,3.7160127591706953,2052
IOE.G3.03.1,Policy Recommendations for Plug-In Hybrid Vehicles,Industrial & Operations Engineering,Report,Third Year Graduate,Male,NS,"Abstract,  Tables, graphs or figures,  Reference to sources",359.6959641428132,0.6809848757652142,0.9608712598137678,1.4995172606689096,5653
IOE.G1.01.1,Work Methods Analysis for Bagel Preparation ,Industrial & Operations Engineering,Research Paper,First Year Graduate,Male,NS,"Tables, graphs or figures,  Methodology section,  Problem-solution pattern,  Discussion of results section",2931.768200633066,0.6206854304635762,0.9589187366827485,11.853946315664814,3119
IOE.G1.02.2,Effect on Legibility of Surround Luminance and Background/Character Color,Industrial & Operations Engineering,Research Paper,First Year Graduate,Female,NNS (L1: Korean),"Tables, graphs or figures,  Methodology section,  Problem-solution pattern,  Discussion of results section,  Reference to sources",335.5599173553719,0.66726977248104,0.9535773141269606,18.44659802526246,1022
IOE.G1.02.4,2D Static Biomechanical Computations,Industrial & Operations Engineering,Research Paper,First Year Graduate,Female,NNS (L1: Korean),"Methodology section,  Discussion of results section,  Tables, graphs or figures",1849.4501585414187,0.5760550964187328,0.9348496030554045,34.62200120675786,3729
IOE.G1.07.1,Supplemental Orders Analysis for Materiel Services Center,Industrial & Operations Engineering,Research Paper,First Year Graduate,Female,NS,"Abstract,  Methodology section,  Discussion of results section,  Tables, graphs or figures,  Reference to sources",6717.190427199687,0.6222074823439587,0.9631835546071247,2.155135050196293,10577
IOE.G1.08.1,Investigation of MP3 Compression Quality,Industrial & Operations Engineering,Research Paper,First Year Graduate,Male,NS,"Abstract,  Methodology section,  Discussion of results section,  Tables, graphs or figures,  Reference to sources",439.02596073765613,0.7117579841781424,0.9557681563035381,7.551499305516984,3512
IOE.G2.01.1,Parameter Optimization of High-Fidelity Simulation Using DOE and Response Surface Methods,Industrial & Operations Engineering,Research Paper,Second Year Graduate,Male,NS,"Methodology section,  Discussion of results section,  Tables, graphs or figures,  Reference to sources",418.7016333304219,0.6702849814762041,0.9587751781399634,11.002444930269235,3608
IOE.G2.03.1,Large Scale Optimization Project,Industrial & Operations Engineering,Research Paper,Second Year Graduate,Female,NS,"Discussion of results section,  Problem-solution pattern,  Tables, graphs or figures",288.01876792336685,0.6789538350347818,0.9624693912133249,23.070576086677846,11168
IOE.G3.01.1,Water Utility Efficiency Assessment Using a Data Envelopment Analysis ,Industrial & Operations Engineering,Research Paper,Third Year Graduate,Male,NS,"Abstract,  Tables, graphs or figures,  Discussion of results section,  Methodology section,  Problem-solution pattern,  Reference to sources",359.31542882574564,0.652144678138942,0.9609752931048777,-15.310251328010395,6375
IOE.G1.02.1,Society of Automotive Engineers (SAE) Annual Congress Review,Industrial & Operations Engineering,Response Paper,First Year Graduate,Female,NNS (L1: Korean), ,317.39882299683114,0.6950157068062828,0.9395746054765425,-1.8221710605999135,1054
IOE.G1.10.1,Acme Omega Case Study,Industrial & Operations Engineering,Response Paper,First Year Graduate,Male,NNS (L1: Marathi),"Tables, graphs or figures",114.07920030757401,0.7312951807228916,0.9254511096951973,5.263696451057484,763
IOE.G2.02.3,Optimality of Randomized Trunk Reservation,Industrial & Operations Engineering,Response Paper,Second Year Graduate,Male,NS, ,299.42159763313606,0.6950837438423645,0.9415283732821489,12.625047300096668,1114
LIN.G1.02.1,Division of Labor,Linguistics,Argumentative Essay,First Year Graduate,Male,NS,"Problem-solution pattern,  Reference to sources",386.6268656716418,0.6371262645185463,0.9609760357760949,25.715253645069453,2768
LIN.G1.03.1,A Discussion of the VP-External and VP-Internal Subjects Hypotheses,Linguistics,Argumentative Essay,First Year Graduate,Male,NS,"Tables, graphs or figures,  Reference to sources",159.87150354923688,0.6620108522183211,0.958559139090772,26.37952537406207,3232
LIN.G1.06.4,Critique of Landau's Explanation of Super-Equi,Linguistics,Critique/Evaluation,First Year Graduate,Female,NS, ,459.4771708645583,0.6528224974200206,0.9592406902785643,17.92361183100911,5913
LIN.G2.02.1,Meng- and Wh- Movement in Malay / Indonesian: Review of Cole & Hermon 1998,Linguistics,Critique/Evaluation,Second Year Graduate,Female,NS,"Tables, graphs or figures,  Reference to sources",351.55763463744285,0.6858925750394945,0.9673555860589581,22.853229051416122,8961
LIN.G1.06.2,Perceptions of Speaker in Computer-Mediated Communication,Linguistics,Proposal,First Year Graduate,Female,NS, ,280.3537876645616,0.7136429663608562,0.9598873182310388,-2.3156058263354,5331
LIN.G2.01.2,A Dynamic POS-Tagging-Learned Approach of Chinese WSD,Linguistics,Proposal,Second Year Graduate,Female,NNS (L1: Mandarin),"Definitions,  Methodology section,  Tables, graphs or figures,  Reference to sources",1533.857199211045,0.6276107848371596,0.9640551038394696,20.239591544129922,3845
LIN.G1.02.2,Give Me a Break!  The English Double Object Construction,Linguistics,Report,First Year Graduate,Male,NS,"Tables, graphs or figures,  Reference to sources",726.7738907436976,0.649025787965616,0.9609813688820659,24.96434247282994,5683
LIN.G1.06.3,Variation in Existential Constructions,Linguistics,Report,First Year Graduate,Female,NS,Reference to sources,404.33766173408685,0.700734327400994,0.9648407966773404,10.564250277161904,6336
LIN.G2.01.1,On Question Operators in Chinese Wh-multiple Questions,Linguistics,Report,Second Year Graduate,Female,NNS (L1: Mandarin),"Discussion of results section,  Literature review section,  Reference to sources",502.7030384619926,0.6501513473606497,0.961139543544465,23.91224718723197,5517
LIN.G2.01.3,Reviewing 'On Sense and Reference',Linguistics,Report,Second Year Graduate,Female,NNS (L1: Mandarin),"Tables, graphs or figures,  Reference to sources",292.43471506249546,0.6248631578947369,0.963407677433295,17.10048291544493,2949
LIN.G3.01.1,Conversation as a 'Collaborative Achievement',Linguistics,Report,Third Year Graduate,Female,"NNS (L1: Cantonese, Mandarin)", ,429.2565741417092,0.6902888086642598,0.9466852909742455,12.856211727059275,1761
LIN.G3.01.2,'Lazy Pronunciation' and the Ideologies of Cantonese Standardization,Linguistics,Report,Third Year Graduate,Female,"NNS (L1: Cantonese, Mandarin)","Problem-solution pattern,  Literature review section,  Reference to sources",343.81067918465004,0.6786105521042961,0.9697047129807851,6.30499001834724,11528
LIN.G1.01.1,Recognizing Textual Entailment With a Modified BLEU Algorithm,Linguistics,Research Paper,First Year Graduate,Male,NS,"Abstract,  Tables, graphs or figures,  Discussion of results section,  Methodology section,  Definitions,  Problem-solution pattern,  Reference to sources",306.2390958997768,0.6846045977011493,0.9590166513333,21.568479267271243,4449
LIN.G1.01.2,An Analysis of Vowel Variation in Vlach,Linguistics,Research Paper,First Year Graduate,Male,NS,"Methodology section,  Discussion of results section,  Tables, graphs or figures",655.4915816326532,0.6070081531371854,0.9597797610237447,28.77835616438361,2920
LIN.G1.01.4,Vlach Stress,Linguistics,Research Paper,First Year Graduate,Male,NS,"Methodology section,  Discussion of results section,  Tables, graphs or figures",4882.834681801715,0.6092064883822884,0.9391453994750482,14.750106658047883,2380
LIN.G1.01.5,The Role of Pitch in the Perception of Vlach Stressed Syllables,Linguistics,Research Paper,First Year Graduate,Male,NS,"Methodology section,  Discussion of results section,  Tables, graphs or figures",2765.346082917833,0.6316510791366906,0.9588836664541114,19.802529430845794,2879
LIN.G1.05.1,Stress in Hawaiian,Linguistics,Research Paper,First Year Graduate,Male,NS,"Tables, graphs or figures,  Problem-solution pattern,  Discussion of results section,  Literature review section,  Reference to sources",372.30417067627604,0.7080375898286347,0.9576359665688077,20.17678546777256,3717
LIN.G1.06.1,German Fricatives,Linguistics,Research Paper,First Year Graduate,Female,NS,"Methodology section,  Discussion of results section,  Tables, graphs or figures",972.4346238130022,0.7087666433076385,0.9592178822250963,10.650531308060522,2953
LIN.G2.03.1,A CVX theory of Dutch Syllable Structure,Linguistics,Research Paper,Second Year Graduate,Male,NS,"Abstract,  Tables, graphs or figures,  Discussion of results section,  Methodology section,  Problem-solution pattern,  Literature review section,  Reference to sources",1017.5470348454962,0.7170281810418446,0.9558142801117708,22.30052210580118,3612
LIN.G3.02.1,A Multi-lingual Segmenter by Using Viterbi Algorithm,Linguistics,Research Paper,Third Year Graduate,Female,NNS (L1: Mandarin),"Abstract,  Discussion of results section,  Methodology section,  Problem-solution pattern,  Literature review section,  Reference to sources",185.88159892055995,0.6287434765154556,0.956594132149297,21.805780975781005,2590
MEC.G1.02.1,Autobody structure mini project,Mechanical Engineering,Proposal,First Year Graduate,Male,NNS (L1: Korean),"Tables, graphs or figures,  Problem-solution pattern,  Discussion of results section",361.3020351080247,0.6443889716840536,0.950413679269428,20.75461179233045,2783
MEC.G1.04.1,Product Development in a Competitive Global Environment,Mechanical Engineering,Proposal,First Year Graduate,Male,NNS (L1: Marathi),"Problem-solution pattern,  Tables, graphs or figures",975.5319075874261,0.6972856423173803,0.9639839571215406,8.871888178484028,10024
MEC.G1.03.1,Detection and Avoidance of Pedestrians: Literature Review,Mechanical Engineering,Report,First Year Graduate,Female,NS,"Problem-solution pattern,  Reference to sources",210.17177220594226,0.7034364213723595,0.968079443035299,1.839358227421286,7342
MEC.G1.05.2,A Discussion of Research into Cyclic Flow Variations in Internal Combustion Engines,Mechanical Engineering,Report,First Year Graduate,Female,NNS (L1: Malayalam),"Discussion of results section,  Literature review section,  Reference to sources",178.4391836734694,0.689017793594306,0.9612398552862487,3.9242300446888976,2909
MEC.G1.08.1,Multiphase Flow Final Project,Mechanical Engineering,Report,First Year Graduate,Female,NS,"Tables, graphs or figures,  Problem-solution pattern,  Discussion of results section,  Reference to sources",165.01717020078814,0.6348022190062712,0.9632798569774224,18.674175359407542,4245
MEC.G1.09.1,Water Irrigation Pump Final Report,Mechanical Engineering,Report,First Year Graduate,Female,NNS (L1: Hindi),"Abstract,  Tables, graphs or figures,  Discussion of results section,  Methodology section,  Definitions,  Problem-solution pattern,  Reference to sources",474.3359209876544,0.6428777362520022,0.9681492848998126,20.973193680432928,13210
MEC.G3.02.1,A Pressure Dependent Plasticity Model of Nitinol,Mechanical Engineering,Report,Third Year Graduate,Male,NS,"Tables, graphs or figures,  Methodology section,  Problem-solution pattern,  Discussion of results section,  Reference to sources",436.47652343749996,0.6924484629294756,0.9535198353805708,14.11992178770953,2864
MEC.G3.03.1,Stretchable Electronics,Mechanical Engineering,Report,Third Year Graduate,Male,NNS (L1: Hindi),"Literature review section,  Reference to sources",243.86119075729462,0.7188723930717568,0.9492513560722723,-4.835722801788364,2928
MEC.G1.01.1,Energy Harvesting Using an Embedded Piezoelectric in a Bicycle Tire: Proof of Concept,Mechanical Engineering,Research Paper,First Year Graduate,Male,NS,"Methodology section,  Discussion of results section,  Literature review section,  Tables, graphs or figures,  Reference to sources",371.3439034330183,0.6658959276018099,0.9642577744899093,11.06377365075312,4519
MEC.G1.05.1,Turbulence in internal combustion engines,Mechanical Engineering,Research Paper,First Year Graduate,Female,NNS (L1: Malayalam),"Abstract,  Tables, graphs or figures,  Discussion of results section,  Methodology section,  Problem-solution pattern,  Reference to sources",344.92597353497166,0.6399553969669938,0.9513805341006191,-2.216361235443742,2341
MEC.G1.06.1,Results of material properties testing for aluminum specimens,Mechanical Engineering,Research Paper,First Year Graduate,Male,NS,"Methodology section,  Discussion of results section,  Tables, graphs or figures,  Reference to sources",452.4289965986395,0.6466168559473998,0.9482718382993127,11.401324303987991,1772
MEC.G1.07.1,Anaylsis of midsize car,Mechanical Engineering,Research Paper,First Year Graduate,Male,NS,"Methodology section,  Discussion of results section,  Tables, graphs or figures",1026.0024382899655,0.6630132583366813,0.9602144924189433,15.828211414350477,7566
MEC.G2.01.1,Simulation of Quantum Dot Formation Using Finite Element Method,Mechanical Engineering,Research Paper,Second Year Graduate,Male,NNS (L1: Chinese),"Abstract,  Methodology section,  Discussion of results section,  Tables, graphs or figures,  Reference to sources",556.9471635384227,0.6608146911519198,0.9485665092615675,25.717684835402054,3094
MEC.G2.03.1,Achieving 100% Renewable Electricity: A University of Michigan Case Study,Mechanical Engineering,Research Paper,Second Year Graduate,Male,NNS (L1: Hindi),"Abstract,  Tables, graphs or figures,  Discussion of results section,  Methodology section,  Problem-solution pattern,  Reference to sources",737.7828928199792,0.7217677927189242,0.9643669230352321,2.1323673812354116,3148
MEC.G2.04.1,Provably Stable Walking Gaits for a 3-link Robot with Point Feet,Mechanical Engineering,Research Paper,Second Year Graduate,Male,NS,"Tables, graphs or figures,  Reference to sources",432.1398335272209,0.667387280960819,0.9567142873207966,30.674918678817875,5178
MEC.G3.01.1,Feedforward and feedback control of lane keeping by the human driver,Mechanical Engineering,Research Paper,Third Year Graduate,Male,NNS (L1: Chinese),"Abstract,  Discussion of results section,  Tables, graphs or figures,  Reference to sources",415.64545294502284,0.7239528520311513,0.9640643023595838,6.241243840023429,4850
NRE.G1.02.1,Uniformity in the Food System,Natural Resources & Environment,Argumentative Essay,First Year Graduate,Female,NS, ,204.21527777777777,0.7396266968325792,0.9261208300233893,1.0746719707790646,1867
NRE.G1.22.2,Paper review for Fluvial Ecosystems,Natural Resources & Environment,Argumentative Essay,First Year Graduate,Female,NS,Reference to sources,251.33072267710926,0.7330355097365407,0.9503598390370178,-4.566754018169064,972
NRE.G1.31.1,Policy decision memo,Natural Resources & Environment,Argumentative Essay,First Year Graduate,Female,NNS (L1: Thai), ,353.0403114186852,0.7319635243960209,0.9579830388639361,-3.45495550458088,4321
NRE.G3.02.1,Policy Decision Memo,Natural Resources & Environment,Argumentative Essay,Third Year Graduate,Female,NS,Reference to sources,238.52388839560143,0.7218221976808393,0.9493260893586459,7.909379926528231,3721
NRE.G1.14.2,Executive Order on Off-Road Vehicle Use,Natural Resources & Environment,Critique/Evaluation,First Year Graduate,Female,NS, ,107.78119092627603,0.7280579010856453,0.9369531738116393,-12.37859070464765,928
NRE.G2.01.1,The Future of Sustainability,Natural Resources & Environment,Critique/Evaluation,Second Year Graduate,Male,NS, ,330.0844,0.7336725035494558,0.9490045233560092,2.3708130198915285,2212
NRE.G1.10.1,Food Web Ecology,Natural Resources & Environment,Proposal,First Year Graduate,Male,NS, ,50.060810810810814,0.6624521072796935,0.953277029271164,6.043979038093227,1143
NRE.G1.28.1,Garden Grant Proposal,Natural Resources & Environment,Proposal,First Year Graduate,Female,NS,"Abstract,  Tables, graphs or figures,  Methodology section,  Discussion of results section,  Literature review section,  Reference to sources",311.4543965532589,0.6926074174581638,0.9648110198478356,5.3985915516618945,4521
NRE.G1.01.1,Coal-to-Liquids Policy Memo,Natural Resources & Environment,Report,First Year Graduate,Male,NS,Reference to sources,500.72592726665175,0.7161483050847457,0.9661874661929372,8.183521543300316,4819
NRE.G1.03.1,Emeral Ash Boror,Natural Resources & Environment,Report,First Year Graduate,Female,NS,"Tables, graphs or figures,  Reference to sources",250.49006468154536,0.7201781472684085,0.9451237170112154,8.44696142105471,1783
NRE.G1.04.1,Managing Conflicts in Agroforestry,Natural Resources & Environment,Report,First Year Graduate,Male,NS,Reference to sources,287.9103297047537,0.7303959462644356,0.9548120548077359,-5.733608385679275,4342
NRE.G1.05.1,Propoerty Rights and Decentralization of Forest Management in India,Natural Resources & Environment,Report,First Year Graduate,Male,NNS (L1: Hindi),"Tables, graphs or figures,  Reference to sources",278.61435580013733,0.7082910116888351,0.9491970963128352,5.132058401694934,5061
NRE.G1.06.1,Conflict Management: Maine's Moosehead Lake,Natural Resources & Environment,Report,First Year Graduate,Female,NS,Reference to sources,391.17651832675864,0.7002449414270501,0.9596915433765617,2.273410348644177,6672
NRE.G1.07.1,Secondary Plant Compounds of Quaking Aspen (Populus tremuloides): A Review,Natural Resources & Environment,Report,First Year Graduate,Female,NS,"Tables, graphs or figures,  Reference to sources",169.05589506172842,0.7069965870307167,0.9503084768756233,14.543844464911103,2443
NRE.G1.08.1,Renewable Transportation Fuels - 2007 Energy Bill,Natural Resources & Environment,Report,First Year Graduate,Female,NS,Reference to sources,730.9855187462805,0.7069812393405345,0.944944002897298,-6.3656235691869085,1858
NRE.G1.09.1,Forest Stewardship Council Certification,Natural Resources & Environment,Report,First Year Graduate,Female,NS, ,473.5108916323731,0.7403699897225077,0.9446774748866172,13.486457035564428,3018
NRE.G1.10.2,Assessment and Comparison of Five Different Michigan Streams,Natural Resources & Environment,Report,First Year Graduate,Male,NS, ,61.616339128243894,0.6693588301462317,0.9656141406176753,23.145729148167902,1877
NRE.G1.11.1,Comparison of Five Michigan Streams,Natural Resources & Environment,Report,First Year Graduate,Female,NS,"Tables, graphs or figures",142.66326388888885,0.620390037593985,0.9501743274128018,18.760303341565645,2227
NRE.G1.12.1,Renewable Energy Expert Report,Natural Resources & Environment,Report,First Year Graduate,Male,NS,"Definitions,  Tables, graphs or figures,  Reference to sources",318.4871475953566,0.6694963582829692,0.9710016321356273,7.44393800229625,6552
NRE.G1.14.1,The Northern Rockies Ecosystem Protection Act,Natural Resources & Environment,Report,First Year Graduate,Female,NS,Reference to sources,425.65759637188205,0.7269356540084388,0.9448021956156064,2.6510839598997507,1995
NRE.G1.15.1,Created Wetlands,Natural Resources & Environment,Report,First Year Graduate,Female,NS,"Definitions,  Tables, graphs or figures,  Reference to sources",250.90642715419503,0.724208539064769,0.9518021906535457,0.37590226802186066,3542
NRE.G1.15.2,Integrated Assessment Final,Natural Resources & Environment,Report,First Year Graduate,Female,NS,Problem-solution pattern,192.8035062089116,0.7291525423728813,0.946050041871811,-3.901163160851354,866
NRE.G1.16.1,Conflict Management: MBTA Term Paper,Natural Resources & Environment,Report,First Year Graduate,Female,NS,"Tables, graphs or figures,  Reference to sources",323.7088365958628,0.7232158777329654,0.9565045606807654,15.101771111771143,4810
NRE.G1.17.1,My Landscape Cultural History,Natural Resources & Environment,Report,First Year Graduate,Female,NS,"Tables, graphs or figures,  Reference to sources",165.73919775487494,0.7147266449261461,0.9616105093734569,28.595220883534154,5312
NRE.G1.18.2,Farmland Conversion in California,Natural Resources & Environment,Report,First Year Graduate,Male,NS,"Tables, graphs or figures,  Reference to sources",543.1226317277784,0.6872265093054926,0.955844766417027,9.106889112886222,2302
NRE.G1.19.1,Offshore Drilling Issue Network,Natural Resources & Environment,Report,First Year Graduate,Male,NS,Reference to sources,347.98423469387757,0.7074482061647297,0.9490514706843728,11.088653031761368,2078
NRE.G1.22.1,Species Conservation Lab Report,Natural Resources & Environment,Report,First Year Graduate,Female,NS,"Abstract,  Tables, graphs or figures,  Methodology section,  Definitions,  Discussion of results section,  Reference to sources",351.34980795039104,0.7063130100816131,0.9531684155399791,2.523804940858099,2182
NRE.G1.23.1,Snow Leopard Conservation,Natural Resources & Environment,Report,First Year Graduate,Female,NS,"Abstract,  Methodology section,  Tables, graphs or figures,  Discussion of results section,  Reference to sources",216.85793388429755,0.6799324975891996,0.9580638969102921,13.418374743756033,2173
NRE.G1.24.1,Global Warming and Vegetation Types,Natural Resources & Environment,Report,First Year Graduate,Male,NS,"Methodology section,  Tables, graphs or figures,  Reference to sources",403.6336805555556,0.7261535893155259,0.9462348599727571,10.204683695593644,3094
NRE.G1.24.2,Ancestral Roots Research Paper: The Farm,Natural Resources & Environment,Report,First Year Graduate,Male,NS,"Tables, graphs or figures,  Reference to sources",321.16095124851364,0.7108242787560884,0.9590218528460853,23.755877046165153,5437
NRE.G1.25.1,Arid Land Restoration,Natural Resources & Environment,Report,First Year Graduate,Female,NS,Reference to sources,655.8572362474173,0.6426930320150659,0.9581454820830279,8.243017248714295,5409
NRE.G1.26.1,Issue Network,Natural Resources & Environment,Report,First Year Graduate,Female,NS,"Definitions,  Tables, graphs or figures,  Reference to sources",1797.1593813996185,0.682881768783961,0.9465995212103718,-7.382709388391106,5436
NRE.G1.29.1,Local people mobilization for China's Reforestation Project,Natural Resources & Environment,Report,First Year Graduate,Female,NNS (L1: Chinese),"Abstract,  Discussion of results section,  Reference to sources",172.79444779474247,0.7057812259947766,0.9614518464286581,4.29141022146726,6608
NRE.G1.30.1,Individual Exploratory: Yoga,Natural Resources & Environment,Report,First Year Graduate,Female,NS, ,226.30379746835442,0.7227338530066814,0.9438948593917132,20.520143615777727,1895
NRE.G2.02.1,Brownfield Remediation and Community Revitalization,Natural Resources & Environment,Report,Second Year Graduate,Female,NS,"Abstract,  Methodology section,  Discussion of results section,  Reference to sources",123.87506760411033,0.7577464788732395,0.9452684106183645,-13.18838310328158,1732
NRE.G2.03.1,A Critique of Minnesota's Lakeshore Development Policy,Natural Resources & Environment,Report,Second Year Graduate,Male,NS,"Problem-solution pattern,  Tables, graphs or figures,  Reference to sources",340.5929902379828,0.7093114754098361,0.9629516940722606,3.91430107168415,7114
NRE.G2.04.1,Degredation of the Mesoamerican Reef,Natural Resources & Environment,Report,Second Year Graduate,Female,NS,"Problem-solution pattern,  Tables, graphs or figures,  Reference to sources",1903.403434903047,0.653414820473644,0.9473955609364084,-11.944607287449372,2717
NRE.G2.05.1,From Sabotage to Sandwiches - The Transformation of Conflict in the Clackamas River Watershed,Natural Resources & Environment,Report,Second Year Graduate,Male,NS,Reference to sources,399.55993388502486,0.7784034550013933,0.945267632018815,7.01742826110393,7277
NRE.G2.08.1,Environmental improvement example,Natural Resources & Environment,Report,Second Year Graduate,Female,NNS (L1: Thai),Reference to sources,189.2704,0.7150314465408805,0.8931229795636267,3.3806500000000312,576
NRE.G1.18.1,Sewage Treatment and the Need for Regulation,Natural Resources & Environment,Research Paper,First Year Graduate,Male,NS,"Abstract,  Methodology section,  Discussion of results section,  Tables, graphs or figures",244.01909722222226,0.6765022026431717,0.9562788003188889,9.980837664450576,2369
NRE.G1.20.1,GIS Multi-criteria Analysis Lab,Natural Resources & Environment,Research Paper,First Year Graduate,Male,NS,"Methodology section,  Discussion of results section,  Tables, graphs or figures,  Reference to sources",164.96589335180056,0.6917948717948718,0.9439476464117587,1.644427619095211,1581
NRE.G1.21.1,Conservation of Red Squirrel,Natural Resources & Environment,Research Paper,First Year Graduate,Female,NS,"Abstract,  Methodology section,  Discussion of results section,  Tables, graphs or figures,  Reference to sources",114.59649122807018,0.7156567352077213,0.957744723162478,10.461484348125225,2482
NRE.G1.27.1,Dissolved Oxygen effected by pollution,Natural Resources & Environment,Research Paper,First Year Graduate,Male,NS,"Abstract,  Methodology section,  Discussion of results section,  Tables, graphs or figures",167.49113854595336,0.6444647944647944,0.9526551766522235,31.16062441314557,2556
NRE.G1.27.2,Florida Panther population stabilization tactics,Natural Resources & Environment,Research Paper,First Year Graduate,Male,NS,"Abstract,  Tables, graphs or figures,  Methodology section,  Definitions,  Discussion of results section,  Reference to sources",222.2997641715433,0.641086323957323,0.9539133420305635,16.666011884425274,2161
NRE.G1.27.4,CO2 sequestration,Natural Resources & Environment,Research Paper,First Year Graduate,Male,NS,"Abstract,  Tables, graphs or figures,  Discussion of results section,  Methodology section,  Problem-solution pattern,  Reference to sources",317.17652196698396,0.6262088167053365,0.9597889381928805,14.001601680086907,2254
NRE.G2.07.1,Impact on atmospheric carbon dioxide levels: Sequestration vs. reduced emissions,Natural Resources & Environment,Research Paper,Second Year Graduate,Female,NS,"Abstract,  Methodology section,  Discussion of results section,  Tables, graphs or figures,  Reference to sources",234.30124869927164,0.7514650934119961,0.9399082323801651,0.9390759833946163,2133
NRE.G3.01.1,Modeling Top-Down and Bottom-Up Effects on Estuarine Food Webs,Natural Resources & Environment,Research Paper,Third Year Graduate,Male,NS,"Methodology section,  Discussion of results section,  Tables, graphs or figures,  Reference to sources",7079.850358234732,0.7078241057188427,0.9493541050013053,6.4673932418817515,4488
NUR.G1.07.1,Value in Health Care,Nursing,Argumentative Essay,First Year Graduate,Female,NNS (L1: Bengali),Reference to sources,218.4769622431783,0.695645744331252,0.9558873995591287,4.267884847745648,3142
NUR.G2.03.2,Bipolar disorder management plan,Nursing,Proposal,Second Year Graduate,Female,NNS (L1: Korean),"Definitions,  Methodology section,  Reference to sources",168.89831836692744,0.7311968503937009,0.9510165811013925,15.38823101748764,3274
NUR.G2.03.3,Integrated Literature Review and Proposal for Provide-Patient Interaction,Nursing,Proposal,Second Year Graduate,Female,NNS (L1: Korean),"Methodology section,  Discussion of results section,  Tables, graphs or figures,  Reference to sources",294.54043268220966,0.7035235284472863,0.9679398231967121,-14.496300910532113,6198
NUR.G3.01.1,A Model to Test the Effectiveness of Standardized Nursing Terminologies in Electronic Medical Records,Nursing,Proposal,Third Year Graduate,Female,NS,"Methodology section,  Tables, graphs or figures,  Literature review section,  Reference to sources",240.4085593265491,0.7030802995094242,0.9656650561237974,-3.809158158202308,3972
NUR.G3.06.1,Research protocol for dissertation research,Nursing,Proposal,Third Year Graduate,Female,NNS (L1: URDU),"Methodology section,  Tables, graphs or figures,  Discussion of results section",553.4280952501199,0.6513286969253296,0.9694466228249307,4.680521163684631,8295
NUR.G1.01.1,The Critique of Bracht's Community Analysis,Nursing,Report,First Year Graduate,Female,NNS (L1: Mandarin),"Definitions,  Reference to sources",326.99107819207137,0.7068781658224473,0.9628952134951019,-1.8689522220898311,3850
NUR.G1.02.2,A Concept Analysis of Trust,Nursing,Report,First Year Graduate,Female,NS,"Definitions,  Literature review section,  Reference to sources",308.4747554630593,0.7124684608915055,0.9519481425506862,14.344721866982695,2477
NUR.G1.03.1,Effects of Environmental Manipulation in Congestive Heart Failure,Nursing,Report,First Year Graduate,Male,NS,"Tables, graphs or figures,  Reference to sources",287.27550068587107,0.7244722361180589,0.9534731809139989,-0.27679274794334674,2098
NUR.G1.04.1,Practice Paradigm in Nursing,Nursing,Report,First Year Graduate,Female,NNS (L1: Romanian),Reference to sources,403.74931129476585,0.7076770753998476,0.946540305953256,3.2181685123186696,1412
NUR.G1.04.2,Practice Paradigm in Nursing: From Theory to Practice,Nursing,Report,First Year Graduate,Female,NNS (L1: Romanian),Reference to sources,343.6464646464646,0.6930593607305937,0.9556044412735071,7.369209684787592,1194
NUR.G1.05.1,Autism and Vaccines: Where does the Evidence Stand?,Nursing,Report,First Year Graduate,Female,NS,"Literature review section,  Reference to sources",214.13318640955004,0.722038740920097,0.9492685619631516,-1.1272484736458352,2164
NUR.G1.06.1,Top Ten U.S. Health Problems,Nursing,Report,First Year Graduate,Female,NS,Reference to sources,173.79631795248753,0.7079286608260326,0.9534442648389179,-1.2358135026796049,3295
NUR.G1.08.1,Improving patient value in health care,Nursing,Report,First Year Graduate,Female,NS,"Definitions,  Problem-solution pattern,  Reference to sources",306.48128858024694,0.7377101910828027,0.954657995284584,2.6852525320744007,3239
NUR.G2.01.1,The 10 most effective life strategies,Nursing,Report,Second Year Graduate,Female,NS,"Problem-solution pattern,  Reference to sources",205.35564225690274,0.7003356807511737,0.9622829869060745,27.72057720335212,4359
NUR.G2.02.1,Family and Chronic Illness: A Home Visit,Nursing,Report,Second Year Graduate,Female,NS,"Tables, graphs or figures,  Reference to sources",732.2263481870156,0.7133312605489917,0.9718485799098822,17.636687768658447,11356
NUR.G2.03.1,Reflection & Analysis Critique on a Client with Chronic Illness,Nursing,Report,Second Year Graduate,Female,NNS (L1: Korean),"Problem-solution pattern,  Literature review section,  Reference to sources",171.35571424736233,0.7389345794392523,0.9636232765459383,13.851468194953355,5449
NUR.G2.03.4,Interaction Model of Client Health Behavior and Womanist Thought,Nursing,Report,Second Year Graduate,Female,NNS (L1: Korean),"Tables, graphs or figures,  Methodology section,  Discussion of results section,  Literature review section,  Reference to sources",296.4414310278396,0.707541014520083,0.9666415146977109,-4.000868880608209,5402
NUR.G2.04.1,Nursing Minimum Data Sets and Gadamer's Hermeneutic Philosophy of Language,Nursing,Report,Second Year Graduate,Female,NS,"Problem-solution pattern,  Literature review section,  Reference to sources",282.5589896087407,0.6808567038033039,0.9603160655330967,10.072232835450535,2702
NUR.G2.05.1,Adolescent Condom Use and the Theory of Planned Behavior,Nursing,Report,Second Year Graduate,Female,NNS (L1: Unknown),"Literature review section,  Reference to sources",212.90444214876032,0.7123458191449111,0.9567884548241775,2.630951735627633,2742
NUR.G3.02.1,Parent Question Paper,Nursing,Report,Third Year Graduate,Female,NS,Reference to sources,135.15816326530611,0.7302672955974844,0.9433542948095873,23.722141684901544,1371
NUR.G3.03.1,Family Caregivers of Recurrent Breast Cancer Patients: Factors Affecting Perceived Burden,Nursing,Report,Third Year Graduate,Female,NS,"Tables, graphs or figures,  Literature review section,  Reference to sources",213.7503666702094,0.6712389380530973,0.9742090339340517,5.086701850575906,6314
NUR.G3.04.1,Colon Therapy: Science or Pseudoscience?,Nursing,Report,Third Year Graduate,Female,NS,"Definitions,  Reference to sources",169.09458655562162,0.7086030927835052,0.9483371268240776,7.366045367368855,2039
NUR.G3.05.1,KASE-AQ Pediatric,Nursing,Research Paper,Third Year Graduate,Female,NS,"Abstract,  Tables, graphs or figures,  Methodology section,  Discussion of results section,  Literature review section,  Reference to sources",206.12115074360503,0.6639811525915187,0.9778715103308802,19.44378887605461,13894
PHI.G1.01.1,Can a lump of clay and a statue be identical?,Philosophy,Argumentative Essay,First Year Graduate,Male,NS,Reference to sources,315.0020824656393,0.6654991304347826,0.9563049992360505,32.40447481346274,2974
PHI.G1.02.1,A Defense of Ontological Relativity,Philosophy,Argumentative Essay,First Year Graduate,Male,NNS (L1: Spanish),Reference to sources,220.56889435175114,0.6723279897857852,0.9639176742609773,17.697094247761214,7148
PHI.G1.04.1,Explanation and Understanding,Philosophy,Argumentative Essay,First Year Graduate,Male,NNS (L1: Swedish),Reference to sources,444.15756911269483,0.6730243378668574,0.9487411122338262,15.889438589944007,2893
PHI.G2.01.1,On Hempel's Account of Scientific Explanations,Philosophy,Argumentative Essay,Second Year Graduate,Female,NS,Reference to sources,245.59859317876806,0.6903891771682727,0.9554944258558267,15.206971585201842,2797
PHI.G2.02.1,Can We Say the Luminiferous Aether Isn't Real?,Philosophy,Argumentative Essay,Second Year Graduate,Male,NS,"Problem-solution pattern,  Reference to sources",393.71607855492533,0.7111025145067699,0.9539911309499476,10.893474899148373,3201
PHI.G3.01.1,That's Some Fancy Thinkin': Accounting for Pretended Ideas in Hume's Treatise,Philosophy,Argumentative Essay,Third Year Graduate,Male,NS,Reference to sources,421.4298155935342,0.6820418792517007,0.9639181615328369,14.661665694842725,9507
PHI.G3.02.1,Defending a Broader Intentionalism,Philosophy,Argumentative Essay,Third Year Graduate,Male,NS,"Definitions,  Abstract,  Problem-solution pattern,  Reference to sources",231.86172477736315,0.6713861879830467,0.9598715502989857,8.226922956029767,4110
PHI.G3.03.1,Aristotle on Belief and Imagination,Philosophy,Argumentative Essay,Third Year Graduate,Male,NS,"Definitions,  Reference to sources",221.7297069702172,0.6934655511811023,0.9702226940302401,29.06799134624191,20419
PHI.G1.05.1,The priority of equal opportunity,Philosophy,Critique/Evaluation,First Year Graduate,Male,NS,"Problem-solution pattern,  Reference to sources",427.6939062171812,0.6730316602316603,0.9673260581188303,7.7064886156709065,6574
PHI.G1.03.1,Does Conceivability Imply Possibility? Relieveing Kripke's Worries about Mind-Body Identity,Philosophy,Report,First Year Graduate,Male,NS,Abstract,247.06813748791157,0.6587122778007442,0.9657718147180999,20.123345759812537,4937
PHI.G1.02.2,The Problem of Necessary / a posteriori and Contingent / a priori Truths,Philosophy,Research Paper,First Year Graduate,Male,NNS (L1: Spanish),"Definitions,  Tables, graphs or figures,  Reference to sources",289.34155061728393,0.6432853159851301,0.9540793250423719,36.42953894062131,4403
PHY.G2.03.2,Teleportation with Trapped Ions,Physics,Critique/Evaluation,Second Year Graduate,Male,NS,Reference to sources,582.1655555555556,0.728382687927107,0.9349185410232083,16.864427925622692,977
PHY.G3.01.1,2D Electronic Spectroscopy of Biological Systems,Physics,Proposal,Third Year Graduate,Male,NS,"Methodology section,  Tables, graphs or figures,  Reference to sources",249.67520912142362,0.7078854105138808,0.9452126666419977,18.55169561392077,1792
PHY.G1.01.1,Bose-Einstein Condensation,Physics,Report,First Year Graduate,Male,NS,"Abstract,  Tables, graphs or figures,  Reference to sources",155.24013484037278,0.7252603231597845,0.9439600252801253,12.800427862753253,1770
PHY.G1.02.1,Optical Lattices: A Study of Bose-Hubbard Model,Physics,Report,First Year Graduate,Female,NNS (L1: Chinese),"Discussion of results section,  Reference to sources",833.9505585299755,0.6460382231404959,0.946780755944072,25.290369349393785,2035
PHY.G2.01.1,The Weaponization of Space,Physics,Report,Second Year Graduate,Male,NS,Reference to sources,306.01180423666915,0.7606830343090967,0.9352418321714623,6.413468072468078,3276
PHY.G2.02.1,Search for SUSY Signatures in the Dilepton Channel at CDF,Physics,Report,Second Year Graduate,Male,NNS (L1: Sinhala),"Abstract,  Discussion of results section,  Tables, graphs or figures,  Reference to sources",708.0241576605212,0.673904160475483,0.958924596398276,33.677782833433156,2791
PHY.G2.03.1,Fast Quantum Gates with Trapped Ions,Physics,Report,Second Year Graduate,Male,NS,"Abstract,  Tables, graphs or figures,  Discussion of results section,  Reference to sources",418.77937716262977,0.6869976133651551,0.9512468333897411,33.327142903104715,2194
PHY.G2.04.1,Tripod-STIRAP,Physics,Report,Second Year Graduate,Female,NS,"Tables, graphs or figures,  Reference to sources",804.3809523809525,0.6457790601813685,0.9543966941166969,31.424634606317795,2525
PHY.G2.05.2,Fixation in a generalized voter model,Physics,Report,Second Year Graduate,Male,NS,"Definitions,  Tables, graphs or figures,  Reference to sources",607.8233024691357,0.6728454773869347,0.9460164463208497,27.296013563090042,1691
PHY.G2.07.1,Interacting network dynamics of neural populations,Physics,Report,Second Year Graduate,Female,NS,"Methodology section,  Reference to sources",258.53904082441534,0.6570177324019345,0.9543040028773226,5.09976190476192,1960
PHY.G2.08.1,Atom Interferometer as a Sagnac Effect Gyroscope,Physics,Report,Second Year Graduate,Female,NS,"Tables, graphs or figures,  Reference to sources",279.3703003570679,0.6556626506024097,0.9494079183649278,8.877260189106579,1427
PHY.G3.02.1,Quantum Information Article Critique,Physics,Report,Third Year Graduate,Male,NS,"Tables, graphs or figures",202.77199762187868,0.641132075471698,0.9551912685877116,0.11568181818185508,1265
PHY.G3.03.1,Effective Gauge Fields in Optical Lattices,Physics,Report,Third Year Graduate,Male,NS,"Abstract,  Tables, graphs or figures,  Literature review section,  Reference to sources",319.51804982173024,0.6915576118087684,0.9590565298389653,27.222499291144658,4638
PHY.G2.05.1,Opinion Dynamics in a Voter Model,Physics,Research Paper,Second Year Graduate,Male,NS,"Definitions,  Methodology section,  Discussion of results section,  Reference to sources",224.33136094674552,0.23999999999999994,0.647633054757221,3.368076923076927,168
PHY.G2.06.1,Percolation on the Kleinberg Small-World Networks,Physics,Research Paper,Second Year Graduate,Male,NS,"Tables, graphs or figures,  Methodology section,  Discussion of results section,  Literature review section,  Reference to sources",212.0770049516405,0.6667160037002775,0.954833943701607,24.86703081232494,2261
POL.G1.03.1,Revolution and Family in Locke's Second Treatise,Political Science,Argumentative Essay,First Year Graduate,Female,NS,Reference to sources,1219.0388140871016,0.6657076425394258,0.9662144087130767,4.964156826967923,5045
POL.G1.05.1,White Nostalgia and Reflective Solidarity: Remembering the Combahee River Collective,Political Science,Argumentative Essay,First Year Graduate,Female,NS,Reference to sources,398.1038344841364,0.6960637986537899,0.9606194773393643,5.167129720663041,6933
POL.G2.02.1,Perpetual Peace: Is a Cosmopolitan Constitutional Order a Prerequsite?,Political Science,Argumentative Essay,Second Year Graduate,Female,NS,Reference to sources,473.98898071625337,0.6894372830937034,0.9564890715694703,4.82133711662965,4133
POL.G3.01.1,Measuring Racial Prejudice,Political Science,Argumentative Essay,Third Year Graduate,Female,NS,Reference to sources,316.064208984375,0.69801026957638,0.9504081678511698,10.052764008620699,2436
POL.G3.02.1,Effect of Anxiety to Citizens' Political Capability,Political Science,Argumentative Essay,Third Year Graduate,Male,NNS (L1: Japanese),"Literature review section,  Reference to sources",280.0146174172148,0.7262054001928641,0.9584436713209187,-0.8663243216244894,4247
POL.G2.03.1,Deportation Policy,Political Science,Critique/Evaluation,Second Year Graduate,Female,NS,"Problem-solution pattern,  Tables, graphs or figures,  Reference to sources",556.0483261514747,0.7165480541818964,0.9663037640236571,-1.45790182490461,9401
POL.G3.03.1,Priming the Common Enemy,Political Science,Proposal,Third Year Graduate,Female,NS,"Methodology section,  Tables, graphs or figures,  Literature review section,  Reference to sources",472.01872929235765,0.7070833333333334,0.963059174617651,2.795156574611724,5955
POL.G1.01.1,Divided Government in France,Political Science,Report,First Year Graduate,Female,NS,Reference to sources,381.7472873263889,0.700328396651642,0.9452185573231301,11.479607749935013,3205
POL.G1.02.1,The Divergent Trajectories of Political Islam in Turkey and Indonesia,Political Science,Report,First Year Graduate,Female,NS,Reference to sources,281.1426086956522,0.7357511737089201,0.9362430893093142,1.7909380537004154,4785
POL.G1.04.1,Democracy Derailed in Russia ,Political Science,Report,First Year Graduate,Male,NS,Reference to sources,251.07839298300567,0.7370264011116257,0.9513189750470237,6.899731652257088,2258
POL.G2.01.1,Wilson's When Work Disappears,Political Science,Report,Second Year Graduate,Male,NNS (L1: Spanish),"Tables, graphs or figures",170.92627824019024,0.7453932584269662,0.939151723656981,8.150803341902332,1167
PSY.G1.11.4,Treating psychopathology in adults,Psychology,Argumentative Essay,First Year Graduate,Female,NNS (L1: German and Spanish),Reference to sources,194.63467632412858,0.6868800764452938,0.9587376957729404,2.17231505927424,2192
PSY.G2.03.1,Development of Prefrontal Cortex in Adolescence,Psychology,Argumentative Essay,Second Year Graduate,Female,NS,Reference to sources,226.13252976970335,0.7324629756208704,0.9617864326747512,-4.265921085511508,4488
PSY.G2.08.1,Dissatisfactions with Job Satisfaction Measurement: The Context-Dependency of Work Attitudes,Psychology,Argumentative Essay,Second Year Graduate,Male,NS,"Discussion of results section,  Literature review section,  Reference to sources",264.23489322301236,0.689165613147914,0.9690203138461826,-3.632569123911736,5636
PSY.G2.10.1,Can projective assessment instruments be helpful with the five common reasons for psychological testing?,Psychology,Argumentative Essay,Second Year Graduate,Female,NNS (L1: Korean),Reference to sources,208.82419710823837,0.6999238095238096,0.9552006256254925,7.535726031661767,2199
PSY.G2.10.2,Understanding Dorris's The Broken Cord from a Multiple Systems Perspective,Psychology,Argumentative Essay,Second Year Graduate,Female,NNS (L1: Korean),Reference to sources,236.69747942653072,0.7068607395751377,0.9573394391855415,20.143865959863717,2641
PSY.G3.01.1,Environmental and Social Influences on Sula,Psychology,Argumentative Essay,Third Year Graduate,Female,NS,"Problem-solution pattern,  Reference to sources",286.79298239720504,0.7312566334111654,0.9406851381776891,20.387560665962326,4810
PSY.G3.08.1,Sexual Harassment... Not so sexual,Psychology,Argumentative Essay,Third Year Graduate,Female,NS,"Definitions,  Discussion of results section,  Literature review section,  Reference to sources",241.1411975037949,0.7143925603482391,0.9638383709091498,2.493482066933666,5153
PSY.G1.08.1,The relation of social address variables to developmental outcomes,Psychology,Critique/Evaluation,First Year Graduate,Female,NS, ,206.59433671899046,0.7407472527472527,0.9505635880527231,-5.418105056237891,2374
PSY.G1.10.1,Applying Erikson: a proposed model,Psychology,Critique/Evaluation,First Year Graduate,Female,NS,"Definitions,  Problem-solution pattern,  Tables, graphs or figures,  Reference to sources",190.32022597265612,0.6756690586745462,0.9638889868815689,-2.88905142354119,4837
PSY.G1.11.5,Final paper scholarship women of color,Psychology,Critique/Evaluation,First Year Graduate,Female,NNS (L1: German and Spanish),Reference to sources,235.16684233368468,0.6808630952380952,0.9581452388072007,-4.6735007585838275,2787
PSY.G2.05.1,A Brief Critique of the DSM-IV,Psychology,Critique/Evaluation,Second Year Graduate,Female,NS,"Definitions,  Reference to sources",373.952806122449,0.7044766319042101,0.9513468803464054,2.3159732142857195,2688
PSY.G2.10.4,Evaluation of Behavioral and Cognitive Behavioral Theories and Interventions,Psychology,Critique/Evaluation,Second Year Graduate,Female,NNS (L1: Korean),Reference to sources,213.29006243496366,0.6838882554161916,0.9611017880937235,0.28994771357679383,2730
PSY.G2.10.5,Critique of the DSM-IV,Psychology,Critique/Evaluation,Second Year Graduate,Female,NNS (L1: Korean),"Definitions,  Problem-solution pattern,  Reference to sources",197.4632060761531,0.6864728312678742,0.9600088244858881,11.653853772229724,2197
PSY.G1.06.1,Self-Enhancing Ingroup Stereotyping,Psychology,Proposal,First Year Graduate,Female,NS,"Methodology section,  Problem-solution pattern,  Literature review section,  Reference to sources",507.8587093204566,0.7312123479887745,0.9630873221264106,-5.595946060729204,5444
PSY.G1.11.3,The moderating effects of cultural values and racial/cultural identity in the relation between gender and the psychological well-being of Latino adolescents,Psychology,Proposal,First Year Graduate,Female,NNS (L1: German and Spanish),"Literature review section,  Reference to sources",308.84103732638886,0.691740687679083,0.9489896113389168,0.21163339604237308,1495
PSY.G3.02.1,Communication of Appetitive Emotion in Rats: Exploring the Nature of 50kHz Ultrasonic Vocalizations,Psychology,Proposal,Third Year Graduate,Male,NS,Reference to sources,211.03811763860955,0.7089109639440765,0.9642937209060497,-6.256373465809418,4176
PSY.G1.01.1,Complexity Theory and Psychological Inquiry,Psychology,Report,First Year Graduate,Male,NS,Reference to sources,320.52554039367226,0.7489709172259507,0.9506238411447249,3.724327995424659,3228
PSY.G1.02.1,Is Trauma Research Unethical?,Psychology,Report,First Year Graduate,Female,NNS (L1: Marathi),"Literature review section,  Reference to sources",315.3731697665215,0.7327093596059113,0.9504120199239853,-2.0971783145039353,2129
PSY.G1.03.1,The Effects of Musical Training on Cognitive Ability,Psychology,Report,First Year Graduate,Female,NS,"Abstract,  Tables, graphs or figures,  Literature review section,  Reference to sources",509.1501636746521,0.7308450704225352,0.9660508464752545,5.217399892137308,7057
PSY.G1.05.1,Improving Affective Forecasting,Psychology,Report,First Year Graduate,Female,NS,Reference to sources,193.9674060660933,0.7343022166718702,0.9543672115248943,-1.8162726973980625,3302
PSY.G1.07.1,Emotion and the Ultimatum Game: How Rumination and,Psychology,Report,First Year Graduate,Female,NS,Reference to sources,279.79313653695624,0.7149827288428324,0.9654844346212548,8.49553928331838,3573
PSY.G1.09.1,Bio-ecological theory in socialization and ASD,Psychology,Report,First Year Graduate,Female,NS,Reference to sources,164.93913494809686,0.7281474710542352,0.9580581773574748,-2.619349418028037,3381
PSY.G1.11.1,The Psychological Well-Being of Latino/a Adolescents,Psychology,Report,First Year Graduate,Female,NNS (L1: German and Spanish),"Definitions,  Reference to sources",275.56020224679094,0.6947370119393352,0.9638877363972318,-0.08576641378348882,6297
PSY.G1.12.1,Changes in social functioning during the transition to retirement communities,Psychology,Report,First Year Graduate,Female,NS,Reference to sources,251.51480199923105,0.715292984869326,0.9602887558465212,-3.4717651434792742,3734
PSY.G1.13.1,Risk and Protective Factors for Youth Violence Exposure,Psychology,Report,First Year Graduate,Female,NS,"Literature review section,  Reference to sources",531.7335996326905,0.7210746473354233,0.9733550731332489,-8.347535954529292,10307
PSY.G2.02.1,School Readiness: Research on Children's Transition to Schooling,Psychology,Report,Second Year Graduate,Female,NS,"Definitions,  Reference to sources",306.00166896310816,0.7052979443143378,0.9619589518792214,7.303853820932176,3942
PSY.G2.02.2,The Role of Symbolic Gestures in Early Language Development,Psychology,Report,Second Year Graduate,Female,NS,"Literature review section,  Reference to sources",263.9246761417255,0.7070659614187929,0.9547061357665085,3.820497521512266,3313
PSY.G2.04.1,Early Predictors of Later Reading Ability,Psychology,Report,Second Year Graduate,Female,NS,"Methodology section,  Discussion of results section,  Reference to sources",200.7396581442114,0.702051678786941,0.9648503607758611,0.8332763949085518,6562
PSY.G2.06.1,Biological Aspects of Behavior,Psychology,Report,Second Year Graduate,Female,NS,"Literature review section,  Reference to sources",137.78323593864135,0.7192922143579372,0.9362168507542433,-8.235669713831442,1088
PSY.G2.06.2,Social / Organizational Aspects of Behavior,Psychology,Report,Second Year Graduate,Female,NS,Reference to sources,107.58339381622876,0.6941831683168316,0.936161717661235,-3.1124402415152588,1311
PSY.G2.07.1,Incorporating Emotion into a Unified Theory of Cognition,Psychology,Report,Second Year Graduate,Male,NS,"Definitions,  Tables, graphs or figures,  Literature review section,  Reference to sources",179.97565886956855,0.6967765410958905,0.9632499279138266,4.47821839539148,4771
PSY.G2.09.1,Implicit Racism: Cognitive Origins and Potential Interventions,Psychology,Report,Second Year Graduate,Male,NS,Reference to sources,435.83270662856296,0.7561110038610039,0.9678609345330238,-3.705003570462793,10459
PSY.G2.10.3,Hippocampal Abnormalities in Psychiatric Disorders,Psychology,Report,Second Year Graduate,Female,NNS (L1: Korean),"Definitions,  Literature review section,  Reference to sources",321.06438890055773,0.739429482636428,0.9557343884852492,-6.316603522385776,2921
PSY.G2.11.1,Emerging reading ability: interplay between theory and research,Psychology,Report,Second Year Graduate,Female,NNS (L1: Cantonese),Reference to sources,169.80339141075692,0.7439318885448917,0.9374299725262375,18.678574959694316,1714
PSY.G2.11.2,Constraints on a big-picture of cognitive development,Psychology,Report,Second Year Graduate,Female,NNS (L1: Cantonese),Reference to sources,241.19163223140495,0.7675530179445351,0.9164249599226615,2.43142388507718,1325
PSY.G2.12.1,A Brief History of Social & Organizational Psychology,Psychology,Report,Second Year Graduate,Female,NS,Reference to sources,244.8194857312723,0.7283006535947713,0.9364174227308445,-0.8531034482758457,2088
PSY.G2.14.1,How Do Children Learn from Television?,Psychology,Report,Second Year Graduate,Female,NS,"Tables, graphs or figures,  Reference to sources",432.99856519742883,0.6792178098676294,0.9618632910953063,8.93427343121482,5085
PSY.G3.03.2,A Cultural and Evolutionary Analysis of Dissociative Identity Disorder / Multiple Personality Disorder,Psychology,Report,Third Year Graduate,Female,NS,"Definitions,  Reference to sources",425.146704,0.7458210096889343,0.9628696578283883,-0.3189095896542824,4021
PSY.G3.04.1,Individual Differences in Decision Making: Need for Cognition and Need to Maximize,Psychology,Report,Third Year Graduate,Female,NS,"Definitions,  Tables, graphs or figures,  Reference to sources",379.54951116395824,0.6966893269884432,0.9561450388806336,-3.111138057656433,3041
PSY.G3.05.1,An Optimistic Origin for Naive Causal Theories of Attributions,Psychology,Report,Third Year Graduate,Female,NS,"Discussion of results section,  Literature review section,  Reference to sources",213.81324463955372,0.6859610075914424,0.9716340071892018,-14.155489802188441,5895
PSY.G3.07.1,Walker Percy’s The Loss of the Creature,Psychology,Report,Third Year Graduate,Male,NS, ,243.33838449531737,0.6871091529277998,0.9536829669793285,14.249724965886912,3617
PSY.G3.06.1,Development of the Heteronormative Attitudes and Beliefs Scale ,Psychology,Research Paper,Third Year Graduate,Female,NS,"Methodology section,  Discussion of results section,  Literature review section,  Tables, graphs or figures,  Reference to sources",304.64251629987893,0.702096356758909,0.9578508463979988,-11.584086582551123,5122
SOC.G1.01.1,The Self and Other in Society,Sociology,Argumentative Essay,First Year Graduate,Female,NS,"Definitions,  Reference to sources",280.80749632365513,0.6805860168262257,0.9634916352496046,2.1053793748330634,3546
SOC.G1.01.2,Reconsidering the Black-White Binary: Where Do We Go from Here?,Sociology,Argumentative Essay,First Year Graduate,Female,NS,"Definitions,  Reference to sources",263.93904858653036,0.7103416149068323,0.9529672526498139,4.232486978656198,3963
SOC.G1.06.1,Thomas Hobbes and Thomas Malthus in Contrast,Sociology,Argumentative Essay,First Year Graduate,Female,NS,Reference to sources,271.89708175540204,0.7076698450536353,0.932478051450937,10.952817762621919,1777
SOC.G1.10.2,Interpreting the Social Theories on Power and Social Knowledge: Part 1,Sociology,Argumentative Essay,First Year Graduate,Female,NNS (L1: Chinese),Reference to sources,504.28523125226417,0.7047550831792976,0.9334262344846131,-1.363467147081792,2263
SOC.G1.10.7,Interpreting the Social Theories on Power and Social Knowledge: Part 2,Sociology,Argumentative Essay,First Year Graduate,Female,NNS (L1: Chinese),Reference to sources,259.9210383991346,0.7011973392461197,0.9493022095236722,2.86082864876758,1903
SOC.G2.02.2,Reading Lovejoy's Reading of Rousseau's Discourse on Inequality,Sociology,Argumentative Essay,Second Year Graduate,Male,NS,Reference to sources,334.5443786982248,0.7242532651902327,0.9293076700055023,-0.8953473945409485,1860
SOC.G2.03.2,Hobbes’ Leviathan and Malthus’ An Essay on the Principle of Population,Sociology,Argumentative Essay,Second Year Graduate,Female,NS,Reference to sources,539.9941339327321,0.7037180500658761,0.9605730127709482,11.988287054590643,3894
SOC.G3.01.2,Rethinking the 'Cultural turn' in Class Formation Theory - To Be a Marxist or Not?,Sociology,Argumentative Essay,Third Year Graduate,Female,NNS (L1: Japanese),Reference to sources,220.0679757725396,0.6988538681948424,0.9473514268546439,15.091097365134118,2193
SOC.G3.01.3,Rethinking Power in Marx,Sociology,Argumentative Essay,Third Year Graduate,Female,NNS (L1: Japanese),Reference to sources,218.4627935434998,0.6848581932773108,0.9366504538643906,15.019816153632178,2003
SOC.G3.03.1,The Modern State: Imagined or Real?,Sociology,Argumentative Essay,Third Year Graduate,Male,NNS (L1: Korean),Reference to sources,302.2407341481745,0.6973826934795856,0.950840670335748,1.2137324002611933,3381
SOC.G3.06.1,Revolution: Never Obsolete,Sociology,Argumentative Essay,Third Year Graduate,Male,NNS (L1: Urdu), ,329.56816326530605,0.7138349159970782,0.9280922957022165,14.216711171662126,1468
SOC.G3.09.1,Rethinking Marx: Rethinking Race,Sociology,Argumentative Essay,Third Year Graduate,Male,NS,Reference to sources,324.7556786703601,0.7763939216832262,0.9017411419504959,8.294148008141917,1810
SOC.G3.09.2,Rethinking Marx: Outline of a Theory of Needs,Sociology,Argumentative Essay,Third Year Graduate,Male,NS,Reference to sources,219.49933582900613,0.7331635581061693,0.9189922633958617,15.145870987686152,1493
SOC.G1.08.2,Time Matters,Sociology,Proposal,First Year Graduate,Female,NS, ,205.7869387755102,0.7199489423778264,0.9459970732131904,2.1048979591836883,1470
SOC.G1.09.1,A Proposal: Studying Class in the Classroom,Sociology,Proposal,First Year Graduate,Female,NS,"Methodology section,  Reference to sources",192.35681050900277,0.7057404181184668,0.9371172043267004,13.985931288716102,3543
SOC.G1.10.3,Stratification and Mobility of Chinese Peasant Workers,Sociology,Proposal,First Year Graduate,Female,NNS (L1: Chinese),"Methodology section,  Tables, graphs or figures,  Reference to sources",481.2356055363321,0.7146909712332669,0.9596393810789156,6.496301124327857,3610
SOC.G1.10.4,The Role of Township and Village Enterprises Play on Income Inequality in Rural China,Sociology,Proposal,First Year Graduate,Female,NNS (L1: Chinese),Reference to sources,557.9698258848298,0.6925025397900441,0.9569601890981998,5.948930806419412,3052
SOC.G2.04.1,The Effects of Domestic Violence Prosecution on Families: A Literature Review and Research Proposal,Sociology,Proposal,Second Year Graduate,Female,NS,"Methodology section,  Literature review section,  Reference to sources",315.52594386600265,0.7088244673141035,0.9654167418520362,0.8826865548211629,6998
SOC.G3.11.1,Investor Activism on Climate Risk Disclosure,Sociology,Proposal,Third Year Graduate,Female,NS,Reference to sources,265.12003895787683,0.7231590533847,0.9552401547507098,0.09422522522527288,5550
SOC.G1.03.1,Social Movements Literature Review,Sociology,Report,First Year Graduate,Female,NS,"Tables, graphs or figures,  Literature review section,  Reference to sources",610.3284688090738,0.7124711538461539,0.9701128014227958,-2.353359900827769,11539
SOC.G1.04.1,Freud and Heidegger,Sociology,Report,First Year Graduate,Female,NS,Reference to sources,277.3520106267359,0.681507331378299,0.9382112718078912,13.855590141565756,1804
SOC.G1.05.2,Freud and Weber,Sociology,Report,First Year Graduate,Male,NS,Reference to sources,269.0675,0.7277237851662404,0.9179767911233478,9.620200876338885,2054
SOC.G1.06.3,Karl Marx's Methods,Sociology,Report,First Year Graduate,Female,NS,Reference to sources,278.5044628099174,0.7097539975399754,0.9461945313011991,-3.1740474308300293,1725
SOC.G1.07.1,Women and Work Lit Review,Sociology,Report,First Year Graduate,Female,NS,"Discussion of results section,  Reference to sources",265.1096598639455,0.7170303781773093,0.9675579915008359,-4.980341538187503,6551
SOC.G1.11.2,Althusser: Ideology & Ideological State Apparatuses,Sociology,Report,First Year Graduate,Female,NS,Reference to sources,313.3284671532847,0.6523441199684293,0.9538076005518629,1.9338899038315276,2633
SOC.G2.01.1,Teen Pregnancy,Sociology,Report,Second Year Graduate,Female,NS, ,134.86159763313609,0.7308721624850657,0.9563831464079234,-2.1589389920424082,2610
SOC.G2.02.1,Towards an Economy of Desire,Sociology,Report,Second Year Graduate,Male,NS,Reference to sources,249.0829931972789,0.7031897067624179,0.9303038381204085,8.336864406779682,1770
SOC.G2.05.1,Class Identity and Class Consciousness ,Sociology,Report,Second Year Graduate,Female,NS,Definitions,292.6643990929705,0.7151950947603121,0.932774112509699,12.205963855421686,996
SOC.G3.01.1,Alienation of Workers: The Contemporary Japanese Working Class's Situation,Sociology,Report,Third Year Graduate,Female,NNS (L1: Japanese),"Problem-solution pattern,  Reference to sources",254.92552185058594,0.674856429463171,0.9599825383670844,15.673807565789502,4104
SOC.G3.05.1,"Does ""Practice Makes Perfect"" Apply to Theory? A Look at Feminist Theory and Practice in the US Battered Women's Movement",Sociology,Report,Third Year Graduate,Female,NS,"Literature review section,  Reference to sources",336.1334494255559,0.6955728429985855,0.9619820212484942,6.29330632874067,7876
SOC.G3.06.2,Marx and imperialism,Sociology,Report,Third Year Graduate,Male,NNS (L1: Urdu),Reference to sources,351.14188653045034,0.7106438442211055,0.9335485500715043,7.004672330357437,3283
SOC.G3.10.1,Repression and the Emergence of the Bourgeois Self: The Social Origins of Neuroses,Sociology,Report,Third Year Graduate,Female,NNS (L1: Russian),"Definitions,  Reference to sources",199.7274545847751,0.676934835076428,0.9490812707851006,20.207991310160452,2585
SOC.G3.10.2,Goffman and Butler: Two Complementary Approaches for Understanding a Queer Social Interaction,Sociology,Report,Third Year Graduate,Female,NNS (L1: Russian),Reference to sources,137.87451015720015,0.6662893081761007,0.950528428335747,14.622496802379885,2802
SOC.G3.04.1,Household Decision Making in Nepal: Attitudes Toward Gender Roles,Sociology,Research Paper,Third Year Graduate,Female,NNS (L1: Nepali),"Methodology section,  Discussion of results section,  Tables, graphs or figures,  Reference to sources",1489.411974685825,0.6940031757233591,0.9625272048858923,-1.224904906183383,5767
SOC.G3.05.2,Drunk Girls Are Easy: Binge-Drinking College Women's Engagement with the 'Slutty' Discourse and its Implications for Sexual Violence,Sociology,Research Paper,Third Year Graduate,Female,NS,"Abstract,  Methodology section,  Discussion of results section,  Literature review section,  Reference to sources",323.58635210567684,0.7034024068931141,0.9718613454858058,20.914853989548334,14142
SOC.G3.07.1,Better Late Than Never: Social Stratification and Higher Education Through the Life Course,Sociology,Research Paper,Third Year Graduate,Female,NS,"Discussion of results section,  Abstract,  Tables, graphs or figures,  Literature review section,  Reference to sources",354.42673814165045,0.7057115839243499,0.9636829601805729,2.5066318729785735,6444
SOC.G3.08.1,Do Other Femininity: Chinese Women and Professionalization in Engineering,Sociology,Research Paper,Third Year Graduate,Female,NNS (L1: Mandarin),"Abstract,  Methodology section,  Discussion of results section,  Literature review section",200.41186521242017,0.7199306518723995,0.9547761905646398,-1.7182525802132886,5146
SOC.G1.08.1,In what ways do spatial environments affect health?,Sociology,Response Paper,First Year Graduate,Female,NS, ,235.86848072562364,0.7630745341614907,0.9115562270640829,2.6173079968329773,421
